gene	TCGA-EK-A2RE-01	TCGA-IR-A3L7-01	TCGA-Q1-A73Q-01	TCGA-C5-A1MF-01	TCGA-ZJ-A8QQ-01	TCGA-EX-A3L1-01	TCGA-JW-A5VI-01	TCGA-EA-A1QT-01	TCGA-UC-A7PG-01	TCGA-EA-A97N-01	TCGA-EA-A3QD-01	TCGA-C5-A1ME-01	TCGA-DQ-5624-01	TCGA-DQ-7591-01	TCGA-CV-5976-01	TCGA-CV-6948-01	TCGA-CV-A6K0-01	TCGA-BA-6870-01	TCGA-CV-6955-01	TCGA-P3-A5Q6-01	TCGA-QK-A64Z-01	TCGA-IQ-A61O-01	TCGA-CQ-5327-01	TCGA-CR-7374-01	TCGA-BP-4989-01	TCGA-CZ-5459-01	TCGA-A3-3335-01	TCGA-CJ-6028-01	TCGA-CZ-5456-01	TCGA-A3-3383-01	TCGA-CJ-5672-01	TCGA-B0-5075-01	TCGA-CJ-4899-01	TCGA-CW-5590-01	TCGA-CZ-4860-01	TCGA-B0-5700-01	TCGA-S9-A7J2-01	TCGA-E1-A7YI-01	TCGA-DU-7302-01	TCGA-DU-A7TI-01	TCGA-P5-A5EX-01	TCGA-HT-8563-01	TCGA-FG-A60K-01	TCGA-CS-5397-01	TCGA-E1-5322-01	TCGA-HT-8558-01	TCGA-S9-A6U8-01	TCGA-HT-7854-01	TCGA-DD-AAW0-01	TCGA-DD-AACA-01	TCGA-K7-AAU7-01	TCGA-RC-A7SH-01	TCGA-CC-A3MA-01	TCGA-RC-A7SB-01	TCGA-DD-AAVZ-01	TCGA-ED-A627-01	TCGA-DD-AAVV-01	TCGA-BC-4073-01	TCGA-QA-A7B7-01	TCGA-HP-A5N0-01
ADM	6.8592	4.2906	6.5053	4.504	6.093	7.7419	5.1688	7.3592	6.8933	6.8748	5.1165	2.4857	6.1204	5.7605	6.9719	5.464	5.0964	6.0381	7.2207	6.2018	5.2947	7.4473	5.7085	4.287	6.6427	9.69	8.683	7.4444	8.0305	7.7522	6.6501	6.8833	8.5686	6.3823	7.9277	7.5066	0.537	2.6371	0.9191	4.6006	5.1326	1.0079	4.1458	3.7072	0.7832	2.183	3.0927	3.9552	2.8838	5.3169	5.6662	1.6045	5.073	3.1475	2.2813	5.9584	2.004	4.5559	2.727	2.6464
APOE	4.222	4.096	3.5742	7.16	6.4593	6.4016	7.3522	7.2354	4.8022	6.231	9.496	6.5083	6.0191	5.5684	6.9519	6.7434	6.0414	4.7629	4.0645	7.5459	6.72	8.7857	7.2703	4.0782	9.8431	9.954	8.1295	8.1899	9.7474	7.044	9.8419	10.9016	9.4641	8.3684	10.5169	8.9078	12.7858	10.349	10.4186	12.407	10.9587	10.6433	11.7596	10.0545	11.834	8.9711	12.2423	11.9435	13.1672	12.1575	10.0958	13.153	8.2585	13.4746	12.8649	12.0731	12.47	11.0215	12.6326	12.8185
AXL	3.6916	2.3677	2.4465	2.8522	3.4543	5.7263	3.8411	1.8762	2.3366	3.4224	3.1145	2.9413	5.5267	2.2723	4.5814	1.9377	5.2005	1.4547	2.409	2.676	1.2516	5.8102	3.5621	2.6805	4.3385	4.3392	4.4061	6.3637	5.936	4.8963	5.3824	4.7645	5.3438	4.8022	3.421	4.5047	4.1466	4.5528	4.4169	4.7507	4.3017	5.3716	4.1376	5.2296	4.1692	3.6827	4.6821	5.8508	1.8484	0.4865	2.6255	-0.1665	2.8482	-0.3201	0.6332	3.1813	2.1013	2.7161	-0.9406	1.1447
C1QA	2.945	4.6651	3.4464	6.9014	5.7898	5.0644	6.6709	6.9534	5.4104	5.1962	8.6049	6.0389	5.6053	6.7903	6.5382	6.8982	7.201	4.6177	6.155	6.4212	6.4445	7.8569	8.5947	5.6531	8.4405	7.8561	6.8079	8.5469	8.3442	9.4669	9.4248	8.6309	8.6272	8.2814	8.4127	7.6617	5.8362	6.9885	5.7301	7.2267	9.1432	11.0695	6.5099	7.4835	8.9759	4.9289	7.5767	7.4361	6.8592	5.5506	6.4097	2.8562	6.0928	5.7269	5.6545	8.7048	7.6794	7.9541	4.6514	6.7669
C1QB	3.2389	4.6571	3.4569	6.4396	5.8927	4.7587	7.0281	6.7697	5.675	5.4159	8.6062	5.4357	5.4922	6.8187	6.5208	7.1394	7.2566	4.6106	6.4479	6.3916	6.4343	8.0016	8.9365	5.6823	8.6302	8.0967	7.0753	9.1667	8.8544	9.5122	9.6712	9.0122	8.8317	8.5915	8.6787	7.8412	6.4443	7.9526	6.4351	8.272	8.9603	11.6704	7.456	8.6346	9.5503	5.4189	8.6219	8.3654	7.3008	5.7822	6.234	2.5828	6.2521	5.5705	5.6733	8.7962	7.7945	8.3725	4.4906	6.3198
C1QC	3.1112	4.6988	3.4778	5.1111	5.9232	4.834	6.7798	6.6411	5.562	5.278	7.8952	4.2196	5.618	6.8612	6.2924	6.4463	7.1016	4.518	6.2787	5.8215	6.2937	7.4757	8.3456	5.7989	8.3979	7.4539	6.246	8.4259	8.4937	8.696	9.1378	8.8284	8.4376	7.9589	8.2949	7.2639	6.2217	7.7289	6.0148	8.2682	8.5091	11.0646	7.1083	8.2173	9.2049	5.2476	8.5435	8.0502	7.0252	5.4115	6.1332	2.2813	6.1023	5.3075	5.3548	8.306	7.2934	8.0366	4.0506	5.8822
CD163	1.4756	0.1388	0.9191	3.2112	3.3148	2.4857	3.7794	3.4237	1.4652	2.8602	5.1227	3.1939	2.1574	3.2065	2.7465	3.074	4.3681	0.6332	1.7185	4.2943	3.2143	5.3844	5.1579	2.8858	5.1883	5.7645	4.1466	7.0362	6.0268	5.8435	5.9743	6.7412	6.9335	5.8128	6.4715	4.511	0.2998	4.735	0.8164	1.412	5.7916	9.5957	0.5955	2.6114	6.9671	0.3796	1.0983	5.6654	4.7945	2.1638	3.492	0.1519	1.0573	2.9581	2.727	6.0142	4.352	4.5374	1.9564	3.1409
CD36	3.7138	1.5165	0.2762	-2.8262	0.3796	0.8568	0.3685	3.7518	4.3435	0.9935	1.7316	-4.6082	2.0673	1.6093	3.2944	-0.1504	1.9968	2.9692	4.986	0.547	3.6916	0.537	2.727	2.5112	4.232	4.9991	3.7302	6.8278	3.2236	6.257	5.1461	5.1469	8.3949	5.9739	1.0151	6.0457	-1.3548	-1.2828	-0.3022	-0.6193	1.8722	2.1313	-2.2447	0.1903	-1.1172	-1.1488	0.3346	0.1776	4.9855	7.5625	2.2175	-1.9942	2.2663	2.876	4.7629	3.9431	3.7324	5.8205	3.4398	5.2277
CD74	7.2869	8.8178	8.4102	9.5135	9.4681	9.584	10.1405	8.8061	8.9181	9.5249	12.3424	11.2853	10.0893	12.3686	9.4418	9.8166	11.2134	9.1464	11.1728	9.0935	9.2495	11.2781	11.8597	9.7984	13.0275	11.9311	11.611	12.1533	11.5161	12.3709	13.6459	12.6828	11.6535	12.2007	10.9289	12.6573	6.633	8.8393	7.6416	10.8163	12.1241	12.8187	8.857	10.4309	10.9712	7.999	8.9005	10.7558	10.7281	9.3672	9.6021	7.8739	10.5333	8.7346	8.7484	11.521	11.1466	11.0653	8.2586	9.5764
CIITA	-0.7588	1.7744	0.517	1.2992	1.9638	1.8484	3.1261	0.1648	1.5064	2.5972	4.3082	3.2205	1.0079	4.7976	1.1382	1.5709	3.7825	0.7407	3.1876	0.4657	1.3846	2.0878	3.3883	2.1509	4.2488	2.8622	2.3981	3.5694	2.5288	3.1393	4.0269	3.6703	2.9262	2.7117	0.537	2.2237	-0.9971	0.5859	0.2762	3.2143	3.335	6.5953	0.434	2.5388	1.7786	-0.7834	0.6699	2.3953	1.2992	0.4125	1.7617	-1.2481	1.6964	-1.0559	-0.5125	2.1798	1.8918	2.4571	0.9568	0.5955
CXCL10	4.4404	0.1776	3.4556	3.2541	4.9547	2.6828	6.1204	8.4991	4.6882	6.1252	7.6571	0.7146	3.6994	7.541	5.5883	4.8575	8.166	1.7744	5.4549	2.1541	6.6874	3.1844	8.8424	2.128	5.2453	5.1367	3.4622	6.9339	2.7826	5.8652	5.6628	3.9874	4.3506	5.7552	3.5657	4.1019	-3.1714	1.2756	-0.8339	4.3442	3.309	5.4565	-0.2159	0.9642	0.7146	-2.9324	-0.7834	1.8036	4.0198	4.423	3.6589	0.7146	2.5948	5.2254	1.7828	6.4657	4.7507	6.3098	4.981	3.6782
CXCL8	6.404	3.5971	5.6453	1.1512	3.9099	9.6848	4.0985	6.5978	5.1235	3.2915	1.8119	4.1891	6.3459	5.1502	5.6256	2.2237	3.1426	5.7687	3.8591	3.3293	3.9737	2.8137	4.3213	3.9543	0.9935	0.3796	4.5454	4.3191	3.7741	-0.7108	-0.7346	4.2335	2.5238	-0.0277	3.5249	0.5568	-2.4659	0.7579	-1.2828	1.9034	4.215	-1.2828	0.2522	0.1648	-0.5332	-0.9132	-0.6193	5.7396	2.4439	-2.3884	7.9567	1.2023	3.9691	3.034	-2.8262	6.4736	5.0117	6.9752	0.3115	-1.5522
CXCL9	1.8722	-0.5332	0.8726	1.4547	3.9929	1.2085	4.8182	4.3841	4.6288	3.8521	7.1466	-1.1811	3.2112	5.0687	4.49	5.6303	7.1811	-0.9686	4.8033	3.0411	5.2529	2.7931	6.9232	2.8482	5.0769	5.09	2.5288	7.6473	2.727	4.6594	6.1077	3.3379	4.8141	6.3087	3.6771	3.417	-3.816	-0.9406	-1.1488	-1.7809	1.3956	5.0361	-5.0116	-0.5543	-4.035	-5.5735	-2.7274	-1.1488	2.6208	2.3677	2.8422	0.7748	2.828	2.4544	-0.0425	4.7274	5.2005	6.6336	0.346	2.1957
FCN1	-4.6082	-1.5522	1.4335	-0.9686	-2.5479	2.4332	0.434	2.3953	-0.6643	-0.1828	3.1278	0.2881	-2.2447	-0.6643	-1.3921	0.8246	1.7053	0.6145	-0.8599	-0.7108	-1.4699	-1.5951	0.099	1.8879	2.9167	0.7664	1.2576	2.7444	0.9862	4.1178	2.8442	1.0573	2.2603	2.4359	-0.5332	3.865	-1.1172	-3.3076	0.0718	-1.7809	0.3115	-0.8084	-1.9379	-4.035	-2.9324	-1.6394	-3.458	-1.0862	2.4306	-0.3383	1.3511	-4.6082	-0.7834	-1.2481	0.1124	3.616	2.3222	3.1294	-0.9971	2.0004
FN1	7.4882	5.281	4.8525	4.756	5.403	10.44	7.9746	6.1123	6.3724	9.3593	8.3333	3.0252	8.9179	6.7649	10.8337	7.5155	11.7281	6.677	2.3048	10.3433	7.3727	13.4003	7.632	6.0186	9.8348	8.509	7.187	8.7567	8.1218	8.9067	8.7466	7.618	10.1189	8.7332	8.9461	7.6556	6.0943	7.4119	5.5766	6.8812	7.7964	12.2112	6.9146	6.0479	6.1379	5.4745	5.9298	6.5746	10.4461	10.1989	11.0689	9.1483	10.7222	9.5461	11.1105	10.4703	10.0349	10.4201	10.9863	10.3907
FOLR2	-0.1187	1.8918	-0.3022	2.4117	0.4967	0.2277	3.2796	1.3051	0.3796	1.4441	3.794	1.766	2.5948	2.2842	2.4386	2.2573	3.5449	1.0433	1.0222	3.0305	2.167	5.1437	3.9783	2.9488	3.3506	4.2855	3.9166	5.0242	5.8273	5.1716	5.1635	4.5015	5.9971	5.0379	5.4209	4.9237	4.7485	4.0901	3.9356	5.3893	5.8238	8.411	4.8284	4.4848	6.2582	2.7073	6.8647	4.0558	3.4384	2.5804	1.5758	-1.0559	0.9862	3.0961	3.0323	5.1918	4.174	4.8324	1.9601	4.1027
FTH1	11.2447	10.9381	10.999	11.4804	12.4159	13.2659	11.3787	11.3046	9.6024	11.1043	11.4291	13.5207	11.6122	11.864	12.5596	11.1171	11.1324	11.3258	9.8273	11.9822	10.3694	12.1566	10.3671	11.8432	10.9277	12.0929	12.5565	12.0886	12.721	12.8259	11.8018	12.3113	12.007	11.9405	13.9585	12.3667	11.1584	11.5264	11.3225	11.8599	13.6339	12.328	11.7434	11.5329	11.4379	12.1687	12.0025	11.9693	12.2054	11.7198	12.4338	10.6969	10.3528	12.2545	11.8978	11.5177	11.8116	12.3429	11.239	11.3768
FTL	8.9238	10.5725	11.4784	10.7912	10.0225	11.4	10.7382	11.1749	10.2538	10.6781	12.1926	11.6419	10.7332	10.9956	10.7897	11.4356	11.1515	9.7101	11.6393	10.9689	9.8313	12.645	10.9485	10.3811	12.6667	12.4081	12.0374	13.0601	13.0677	12.4269	12.6417	13.8148	12.9925	12.1603	13.5506	12.6292	9.7014	11.223	10.2506	11.3598	12.2315	13.3721	10.441	11.4092	11.1987	10.944	11.9712	12.0508	13.7443	13.8033	13.443	12.7863	11.2259	14.0841	13.911	12.6553	14.4319	13.0914	12.2484	12.5835
GAS6	6.4601	5.1198	4.8655	4.5268	5.9155	5.8622	6.127	6.4256	6.2602	6.2114	6.1723	5.2281	5.7032	3.6042	6.1967	3.4713	6.9088	6.051	5.0545	5.7562	6.2064	7.0084	5.8294	5.9839	4.9055	6.2334	4.3278	4.7302	4.5693	5.2858	5.9556	5.1918	7.3651	5.7358	3.3464	6.1303	5.1506	4.306	4.4726	4.7898	5.975	6.4822	4.6548	5.594	4.3986	5.3889	5.4233	5.5871	5.4855	3.0252	4.5644	2.7029	6.8352	2.876	3.7324	5.6902	4.9031	3.1442	1.8957	6.1599
HLA-DPA1	4.0506	5.4611	4.905	4.6018	5.8785	6.0244	7.5076	6.1805	5.3754	6.6779	9.0421	6.1651	6.6318	8.1941	5.8199	6.5866	8.6717	5.4529	7.6272	5.3377	5.6279	8.2317	8.1904	6.9092	9.3812	8.1562	8.8709	9.2445	8.9405	9.0344	10.9277	9.4567	8.0971	9.0182	7.7017	8.532	3.0181	5.6352	5.0113	7.8743	9.7954	11.651	5.951	7.8084	8.0673	4.2781	4.5553	7.3908	7.2184	4.5442	6.3607	2.727	5.5081	4.7877	4.9887	8.0807	7.3723	8.3493	3.4477	6.7249
HLA-DPB1	4.441	5.6332	5.6235	5.6955	5.7887	6.2802	7.1796	6.3286	5.7732	6.7895	8.8181	7.3057	7.2412	8.0387	6.299	6.5788	8.7808	6.1691	7.815	6.1467	5.5031	8.238	8.2641	6.6564	9.1964	8.8319	8.3672	8.6572	8.9506	9.7515	10.4554	9.6181	8.9143	8.5564	7.5851	8.9287	2.685	5.5404	5.1478	7.2073	9.4405	10.6946	5.8362	7.5574	7.7191	4.1318	4.6294	7.4968	7.2662	5.174	6.4381	3.1311	6.4253	4.7154	5.7043	8.2953	7.7187	8.0684	4.4243	6.8496
HLA-DRA	5.8607	7.0048	7.5233	6.5103	7.9851	8.2657	9.1442	8.0282	7.4223	8.2518	10.5416	9.0738	8.7471	10.1019	8.0458	8.4955	9.9885	7.6145	9.7454	7.4783	7.9725	9.8942	10.3627	8.3777	10.8407	10.4547	10.4324	10.7537	10.7687	10.8258	12.0697	11.284	10.4993	10.3481	9.7105	10.3934	4.298	7.0852	6.3022	9.0704	11.0336	12.6355	7.1972	9.2487	9.4438	5.5883	5.9683	9.118	8.7117	6.7637	7.8722	3.945	8.9109	6.1817	7.1383	9.5558	9.438	9.9003	5.8731	8.1726
HLA-DRB1	5.3558	4.5079	5.31	7.6291	6.7946	6.6986	7.7697	6.76	5.3944	7.1886	8.0229	9.6451	6.2606	7.5065	6.3532	7.7666	8.0455	5.4236	7.6783	7.3042	5.1799	8.2468	9.457	6.2052	9.5826	8.7598	8.611	9.1633	8.8933	9.4309	10.0781	9.5985	10.2454	8.6124	8.9596	9.6818	2.4623	4.7777	4.7055	8.0886	10.2596	10.1895	5.6868	7.653	8.1661	3.9938	5.858	6.9146	6.5331	5.9896	6.811	2.8076	7.9147	4.6809	6.4914	7.859	8.8792	7.9067	5.1359	5.8248
HMOX1	4.3883	2.9109	2.6984	1.9527	3.1294	7.8662	4.4095	3.5706	4.613	4.0969	5.3331	3.1717	4.2773	3.8167	4.4816	4.8788	4.7929	3.0791	5.5072	3.3911	2.7972	6.0527	4.6944	3.5022	8.0085	9.2026	8.4367	8.6263	7.5799	7.2163	8.7334	9.2645	8.8636	7.8059	7.8322	8.1044	4.1676	4.1923	3.154	5.6448	6.709	7.5442	4.1069	4.1875	5.4758	3.0163	5.2899	5.658	5.5081	4.1954	4.7971	1.2085	4.9851	4.3716	3.5449	7.1623	5.3263	5.0527	3.0568	4.3484
IFIT1	4.2773	2.9013	6.2114	1.8242	7.4853	3.4411	3.6428	6.8813	3.4648	4.7383	6.3124	2.2482	6.1283	3.2435	5.9151	2.8219	6.2568	4.528	4.4523	3.0181	7.5693	3.222	4.2556	4.686	4.2243	4.9801	4.9089	5.1412	2.9262	5.9807	5.2928	4.7055	5.6985	5.0888	2.6232	4.9524	4.8625	3.1294	5.8588	8.0905	5.0308	6.8579	5.9338	3.8601	5.8392	5.4064	5.4118	5.2269	4.85	4.7148	3.0305	5.1942	2.1313	3.417	5.1119	5.082	2.1574	1.9712	3.0411	4.1994
IL1B	5.2005	-0.7834	4.2381	1.1184	4.4771	7.8662	2.0946	4.7656	3.5124	2.7889	2.4332	0.1388	5.2346	3.1377	4.7581	1.7053	3.4277	4.1011	3.2587	1.3679	4.3944	2.3788	6.9589	3.7017	1.7702	0.4233	1.6649	2.0218	2.8858	1.6512	2.3193	3.3619	0.4125	0.0014	0.7748	2.4359	3.7762	-0.8863	0.6145	6.523	3.3076	2.4883	-0.8339	3.2511	3.9691	1.0079	2.0742	6.0479	0.6239	-2.4659	3.2826	-3.1714	0.099	-3.816	-1.685	2.0946	-0.013	1.8078	-2.9324	-0.5125
IL4I1	0.8082	0.1519	1.7403	1.9675	1.0573	3.2359	2.7183	3.4726	1.3901	2.8819	4.2017	3.9374	2.4306	4.2204	1.6281	3.186	3.7028	1.5563	2.1147	0.7058	0.7748	3.616	3.1212	1.9377	3.6463	3.0671	3.5424	2.4412	3.1813	3.8788	3.8739	3.309	2.1574	3.5411	5.1086	4.1859	-0.394	-0.1665	-1.0862	1.8484	2.7657	1.9822	-0.9686	0.099	0.4447	-1.9379	0.688	0.8408	1.1316	-0.6193	2.5413	-0.7346	-0.5756	-0.7834	-0.9132	0.7916	2.0465	4.6999	-0.5543	0.058
INHBA	5.0571	-1.0262	0.7407	-0.5125	-0.0725	5.6147	2.8321	0.7321	1.9749	4.6041	0.9568	-1.3921	7.2588	0.4552	5.5738	1.3225	5.5665	4.7038	-1.6394	4.9672	4.6253	6.0061	3.0808	1.5266	3.2359	0.6699	1.0363	2.0844	2.5634	-0.9971	1.177	-0.7346	3.644	1.7097	4.3191	-0.4921	-1.0262	-4.2934	1.2875	1.7316	0.7321	-1.0862	0.605	3.0323	-0.7108	-1.8836	-0.6643	1.0847	1.2875	1.2271	3.9819	-0.2328	1.736	1.2455	-2.5479	2.3337	0.1903	4.5249	-0.1031	2.9525
IRF1	5.1922	5.4728	5.1776	4.838	6.1749	5.7501	5.6888	7.2301	5.9568	6.0398	6.254	5.1611	5.4077	7.5452	5.8829	5.7934	6.0146	4.4621	6.2481	3.7762	6.0898	4.9468	6.9522	4.9089	6.5917	4.7055	4.4938	6.8211	4.8885	5.5952	6.4368	5.3948	5.845	5.5787	5.769	6.4671	2.9128	4.4608	3.002	6.6413	5.8528	6.3738	2.3592	2.8321	3.0411	1.7185	2.561	4.6341	6.3156	4.3611	4.943	4.4996	4.7138	4.3674	4.2189	5.3586	6.0864	6.2171	5.6969	5.1807
ISG15	8.9265	6.0715	8.6892	7.617	11.1214	6.9861	8.6924	10.6469	5.9725	7.4775	10.2262	7.5077	9.4553	6.6925	9.4867	4.9547	8.5636	7.8654	7.4797	7.528	9.8499	7.1015	9.32	6.9873	5.5248	6.19	5.2064	4.5632	4.7187	8.2525	6.3584	4.4516	6.0702	5.9704	5.4512	6.2357	4.5644	5.2721	4.2639	8.7034	6.3649	8.2574	5.2788	5.0631	5.6773	5.4313	5.5227	5.431	5.7809	5.2736	6.5426	6.6622	5.1412	5.9651	6.2646	7.3565	6.4491	5.9062	6.0926	6.0888
LGALS3	8.4802	10.0682	9.062	7.7909	8.0371	8.0508	7.2302	7.8106	8.1301	8.9101	8.2326	8.9937	8.5507	9.108	8.2242	6.9997	8.0163	8.5821	7.4905	8.4152	7.1443	7.7975	7.7683	7.9391	7.2765	8.6634	7.2214	9.0146	7.368	7.3864	7.7098	7.6318	7.6463	8.125	9.6863	8.0073	3.2915	4.2899	5.1736	4.4693	6.4909	5.5506	3.7877	7.0688	3.6382	5.4148	4.5148	6.1677	6.4043	3.2466	6.9485	5.906	6.3782	3.6136	5.2365	5.9987	7.3941	5.899	2.685	6.9392
LYVE1	-0.8599	-3.3076	-1.0862	-6.5064	-2.0529	0.3346	-1.685	-2.1779	-2.4659	0.1257	-1.2481	-2.6349	0.4016	-1.8314	-0.4921	-0.1828	2.2783	0.4761	-2.4659	-0.6873	-1.0862	2.1541	0.0718	0.3231	1.2085	2.59	1.5612	3.0637	1.7954	3.5349	2.0673	0.8488	4.3653	2.0076	3.5608	2.3251	2.3953	0.4016	2.8381	1.9226	2.036	3.186	1.6045	2.8381	1.7617	1.3511	3.1717	1.5661	1.3735	1.6466	-1.2828	-4.035	1.5366	-0.5543	-0.1828	3.5473	-0.0725	-0.1187	-1.4699	1.0222
MERTK	0.0014	2.0111	2.727	-2.1779	-0.3201	0.346	1.2209	1.9034	-0.394	2.0535	2.0004	0.3231	-0.4325	3.0706	0.9191	1.8444	1.5266	-0.3566	0.2998	0.3907	0.5568	1.8484	1.0007	3.2632	2.5972	2.5288	2.1957	3.5312	3.3307	2.108	3.2841	3.4156	4.2289	3.0944	1.7009	2.9128	3.8187	3.7709	3.8431	4.5015	4.079	6.2104	5.1069	3.4868	4.6381	3.2856	4.9833	4.8007	2.0147	5.2192	1.6374	0.4552	0.5955	1.3051	2.081	2.6715	2.3366	2.0912	2.0111	3.0056
MMP9	6.2664	1.4547	3.5596	2.8897	4.4634	8.4613	4.7887	3.8954	3.5098	7.2909	5.4712	3.8187	7.1032	4.848	6.2269	5.7176	6.921	4.49	4.7798	4.9227	4.433	9.8459	4.7592	4.5429	0.7407	2.236	1.0293	2.299	5.6311	1.2576	1.0363	3.4437	0.9038	4.5104	3.4817	1.6466	-1.5951	-1.9379	-1.7809	-2.4659	3.3221	1.3283	-1.5105	-4.6082	-2.1779	-4.2934	-3.0469	-1.2142	5.0841	0.3346	4.7819	-0.5973	9.3542	-0.6416	0.3685	0.679	4.2434	5.6285	0.4233	-0.5543
MRC1	0.058	-1.5951	-1.9379	-1.6394	-1.4699	1.3791	0.9568	1.3109	-1.0862	0.434	0.8805	-2.2447	0.7579	0.3115	0.5955	1.1897	2.496	-0.3383	-0.3566	1.6604	-0.6873	1.2271	2.9413	1.3791	0.099	1.5709	-0.1031	2.9109	1.5415	2.9186	1.736	1.6093	4.1327	2.6602	2.5683	1.8801	0.4016	-0.0425	-0.5125	-0.2671	1.2333	4.2165	-1.1172	1.5115	2.2482	0.3685	1.4011	0.7407	2.2082	1.2023	0.3685	-0.4325	0.7233	3.9992	1.3454	3.3278	0.9419	4.1302	-0.3752	2.1147
NLRP3	-0.0425	-1.685	-1.2481	-1.9379	-1.1811	3.6393	-0.2498	-0.7588	-1.1172	-0.7834	1.3167	-1.1811	0.9268	-0.2845	-0.1665	-0.3566	1.8444	-0.0725	-0.7588	-1.5951	0.4761	0.3346	1.1447	-0.2328	1.125	0.0854	0.099	1.6234	1.3283	1.4174	1.7995	1.8363	1.2333	1.2023	0.4016	0.7579	1.2333	0.6425	0.2998	6.0273	2.7314	2.826	1.642	2.183	2.4727	1.0079	3.2251	3.027	-0.4325	-2.3884	0.3115	-3.816	-1.3548	-1.7322	-1.1488	1.4494	0.03	0.7233	-2.114	-0.8863
PLAUR	4.812	5.0268	4.6999	4.7236	6.3537	7.6073	7.1575	5.9165	5.6183	5.9253	5.6041	7.2565	7.7109	4.3758	6.1281	4.4142	5.5525	5.1891	3.2722	5.4565	5.2709	7.9953	5.5904	4.4384	4.1002	4.5778	4.6428	4.3793	5.2138	3.4778	3.9194	5.5435	3.866	3.0199	4.7523	4.849	0.5271	4.4919	0.7407	5.4884	4.1236	4.6236	1.9601	3.1045	3.3061	1.3791	1.9786	4.437	3.335	0.8164	5.5638	1.7316	3.287	0.8082	0.4967	4.1409	2.77	4.5442	0.6332	1.1382
S100A8	14.363	11.3791	10.1243	5.2499	12.0304	10.9699	12.726	13.3623	14.0071	11.9825	10.2563	8.4764	12.4016	7.6952	12.2478	8.0667	13.6157	13.6942	15.1781	11.295	11.6046	4.1178	13.5658	10.2336	5.0308	3.6669	4.9865	4.034	3.755	5.3858	3.7432	5.978	4.6634	3.2466	4.5516	5.4565	2.2144	2.6487	3.3076	2.6302	4.4443	7.5471	4.4189	2.8974	3.0961	1.5366	-0.1828	4.6668	3.551	0.1124	4.6171	-0.1187	2.3649	5.3086	0.7999	4.5778	1.8119	5.0304	1.6512	1.766
S100A9	14.5812	11.9982	10.0294	7.5108	13.3189	12.56	13.6314	12.9359	14.4393	11.9698	10.5854	12.2775	13.184	8.3285	12.6251	9.8604	13.7957	13.9864	15.432	11.0418	12.2563	5.5142	14.2366	10.6398	4.696	4.6882	5.6273	4.8125	5.0352	6.5248	4.166	6.153	5.7434	4.0901	6.4748	5.8238	3.074	3.0181	4.0653	3.6125	5.5738	8.0577	5.0841	4.197	4.2442	2.6602	0.9115	5.5255	5.151	1.9188	6.5156	2.4144	3.981	5.7043	3.0145	5.4948	3.8847	6.2911	1.9111	3.3535
SLC40A1	-0.1031	4.4932	3.6725	0.1388	1.5854	2.9747	3.0038	4.2548	3.287	2.3732	4.5142	7.2455	3.4304	3.3235	2.6464	4.3695	4.9814	1.787	4.8997	2.1313	3.0234	2.8402	3.4197	4.6456	5.393	6.0503	4.4919	7.3471	6.6362	5.3917	6.532	7.0391	7.1248	6.7495	3.2973	4.9313	4.1335	3.4984	3.5374	3.8167	4.8793	6.2165	4.2788	3.8269	4.706	2.233	4.0153	4.1531	6.4666	5.9905	6.6819	2.945	6.9516	6.1148	5.7345	6.079	5.5069	6.6975	5.5659	6.3334
SPP1	7.1165	2.8542	5.8074	5.5255	6.2557	4.9416	6.1991	3.3605	7.5229	5.3975	9.3774	4.8595	5.9241	5.4489	6.1054	5.2604	2.3308	2.3423	3.4843	5.6949	2.6805	9.2725	7.1274	2.9148	9.5784	12.5777	11.7508	10.3563	10.5521	9.3143	10.569	11.1595	9.5738	9.6924	11.4426	10.4884	6.8321	10.122	7.8644	9.9848	8.3328	11.7558	8.2065	10.7439	10.8201	8.5212	9.9927	10.5524	5.899	7.7131	10.778	2.7444	13.245	4.2751	1.3735	5.8563	6.5729	8.3745	0.9568	-1.4699
STAB1	2.1247	3.0774	2.7594	5.6688	4.1211	3.6725	4.8279	4.6247	4.2958	3.9384	5.4764	5.2642	3.0808	4.0627	3.7625	3.4517	5.5568	3.6703	3.6566	3.7783	4.6826	6.5195	4.3765	4.3206	5.4741	5.4493	4.0994	5.2149	4.8807	7.3661	5.1123	4.9621	6.5347	6.0337	5.009	5.7225	4.6189	5.1498	2.3677	4.8734	6.4441	8.4675	4.1796	3.345	5.4387	2.7847	5.7412	3.8187	4.2556	3.8441	5.4693	4.0969	5.2445	3.3938	3.4661	6.2382	5.3622	3.9318	3.0585	5.658
STAT1	5.6473	4.8876	6.8555	4.0884	7.7691	6.4904	7.3158	6.8092	6.0747	6.3158	7.5547	3.773	6.5586	7.0359	7.1869	6.3025	7.7301	4.8207	7.6047	4.4868	8.0053	5.3747	8.1631	6.905	6.8306	6.2632	5.3363	8.0487	5.5116	6.4153	7.6745	6.0361	5.9784	6.7632	6.6308	5.2601	4.6798	6.0299	5.7642	7.4653	5.8563	7.9795	5.093	5.5435	5.6127	5.1177	4.9723	5.6032	6.3273	5.1469	5.849	4.3234	7.8657	5.5126	6.314	6.6875	5.7032	7.4098	6.15	5.1098
TGFBI	6.417	5.2331	6.8936	6.8381	8.7674	8.6213	6.5595	6.0047	5.4446	6.7841	6.4118	5.9108	11.9047	6.1573	10.3151	6.1402	9.2126	9.755	5.1926	10.033	10.4878	10.6429	9.8043	5.9718	7.9285	9.8619	9.3631	11.3222	12.263	7.8976	9.1168	7.2917	8.3077	10.8202	9.5845	5.6916	2.7357	3.7127	2.7007	4.4542	5.8785	6.5874	5.8783	4.4588	2.9319	0.8805	2.1047	2.2019	8.2134	7.4843	9.1194	7.581	8.3606	7.6896	7.6157	7.8077	6.3212	7.5829	4.5085	5.9842
VEGFA	6.5756	5.3385	7.885	2.6715	5.7337	6.5809	5.8458	7.2157	7.7999	8.311	5.1339	4.1053	5.0571	5.9531	5.8319	5.877	4.3492	4.5988	2.8199	4.917	4.8053	6.6355	5.0171	6.0101	9.3868	9.0822	9.3124	8.8832	9.151	9.0205	8.7028	9.268	10.4766	9.4279	9.4078	8.4955	5.1371	6.5644	4.5994	5.4516	7.3486	5.9491	4.7367	3.9261	3.7518	3.5887	3.6347	5.4363	5.5364	6.1355	6.896	5.1514	7.4935	4.4861	5.62	5.8233	5.8765	7.7642	5.7506	6.9848
