"cancer","endpoint","score","n","events","HR_per_SD","CI_low","CI_high","p_cox","padj_by_endpoint_score"
"LGG","OS","MDR_apc_ifn",516,128,1.83730007558573,1.55043683354399,2.1772390172331,2.17034876458357e-12,5.20883703500057e-11
"KIRC","DSS","MDR_axis",912,208,1.55424861973232,1.37117592217019,1.76176428777752,5.31940017642896e-12,1.17026803881437e-10
"LGG","DSS","MDR_apc_ifn",508,115,1.79691888168432,1.50497010179717,2.14550273357442,9.24935432958121e-11,2.03485795250787e-09
"KIRC","PFI","MDR_axis",928,298,1.40882294832917,1.26572687822688,1.56809666752065,3.56328142759134e-10,1.03335161400149e-08
"KIRC","OS","MDR_axis",932,333,1.35560582181035,1.22285624500718,1.50276629131933,7.20165685229308e-09,1.72839764455034e-07
"LGG","OS","MDR_injury",516,128,1.58828229098099,1.35728045023885,1.85859940397719,7.95351746516752e-09,1.90884419164021e-07
"LGG","DSS","MDR_injury",508,115,1.60993343256858,1.36727545496342,1.8956572707373,1.11113394937636e-08,2.44449468862799e-07
"LGG","PFI","MDR_apc_ifn",516,201,1.46511865758955,1.27870021311723,1.67871457187299,3.78613191813639e-08,1.09797825625955e-06
"CESC","OS","MDR_axis",296,73,1.75709280466917,1.36619301928563,2.25983816388882,1.13169479083782e-05,0.000135803374900538
"LGG","PFI","MDR_injury",516,201,1.3359964498643,1.16553327596725,1.53139043805402,3.19036959051157e-05,0.000925207181248356
"CESC","DSS","MDR_axis",292,56,1.78008221098702,1.34192744309936,2.36129955771224,6.33219926837022e-05,0.000696541919520724
"GBM","PFI","MDR_injury",158,125,1.50400334898341,1.21885882763119,1.85585567620615,0.000141664393220726,0.00205413370170052
"CESC","OS","MDR_injury",296,73,1.58613575367686,1.24045511277687,2.02814805886861,0.000235077125652325,0.0028209255078279
"LIHC","PFI","MDR_axis",423,212,1.27570421430878,1.11374384772148,1.46121681905099,0.000439603783878741,0.00637425486624175
"UVM","OS","MDR_apc_ifn",79,22,1.93978138978753,1.33820126741413,2.811798144114,0.000468784744862064,0.00562541693834476
"LIHC","OS","MDR_injury",422,167,1.31831850287377,1.12747178520726,1.54146977141416,0.000532813961472753,0.00426251169178203
"LIHC","DSS","MDR_injury",411,99,1.42867964284787,1.16580707625475,1.750826155941,0.000584479475529959,0.00642927423082955
"KIRC","PFI","MDR_injury",928,298,1.23156591938489,1.08906871581305,1.39270790884671,0.000900303682072626,0.00870293559336872
"UVM","DSS","MDR_apc_ifn",79,20,1.8886746298105,1.28622332872998,2.77330676377326,0.00117797736270069,0.0129577509897076
"GBM","DSS","MDR_injury",145,110,1.44381803398763,1.1552570721689,1.80445596524609,0.00124393314250845,0.00912217637839533
"GBM","OS","MDR_injury",158,125,1.39425633732765,1.13686863966556,1.70991675410288,0.0014133593347789,0.00738967536705637
"UVM","OS","MDR_injury",79,22,2.08663045076918,1.32360412297304,3.28952332688214,0.00153951570147008,0.00738967536705637
"LGG","OS","MDR_axis",516,128,1.31830944950882,1.11101502859909,1.56428109424915,0.00154521868453658,0.0102237978590195
"PAAD","OS","MDR_axis",182,95,1.34792599242403,1.11857456816212,1.62430340610871,0.00170396630983659,0.0102237978590195
"LIHC","DSS","MDR_axis",411,99,1.33523829556151,1.11445003188164,1.59976782711721,0.00171862351996869,0.00999343638087044
"LGG","DSS","MDR_axis",508,115,1.3308140228164,1.11202150070805,1.5926544245746,0.00181698843288554,0.00999343638087044
"LUAD","PFI","MDR_axis",621,269,1.19439877888689,1.06360676372706,1.34127432398746,0.00268134667681999,0.0186122422870974
"UVM","DSS","MDR_injury",79,20,2.06646460549235,1.28229614165265,3.33017922072904,0.00287063897773444,0.0112672679112754
"PRAD","PFI","MDR_axis",563,95,0.733095727538435,0.597577611752353,0.899346520294049,0.00290841195513972,0.0186122422870974
"PAAD","OS","MDR_injury",182,95,1.41549512905259,1.12492720849064,1.78111654269608,0.00303516650569268,0.0121406660227707
"PAAD","DSS","MDR_injury",176,74,1.50534170336991,1.14824812612175,1.97348777877678,0.00307093359030419,0.0112672679112754
"KIRC","DSS","MDR_injury",912,208,1.25161671273233,1.0787935493788,1.45212621682152,0.00307289124852965,0.0112672679112754
"PAAD","PFI","MDR_axis",182,107,1.31520397894305,1.09610849240586,1.57809333493162,0.00320900729087886,0.0186122422870974
"KIRC","OS","MDR_injury",932,333,1.19041744764537,1.05863511401858,1.33860447371639,0.00359285876944702,0.0123183729238183
"LIHC","OS","MDR_axis",422,167,1.23615083763078,1.07171824570621,1.42581214745332,0.00360247672612944,0.0153533559708232
"LUAD","OS","MDR_axis",621,238,1.20040387848273,1.06059579740455,1.35864150603148,0.00383833899270579,0.0153533559708232
"GBM","PFI","MDR_resolution",158,125,1.28734691328166,1.08375347984522,1.52918731607902,0.00403176303515236,0.114919164202768
"CESC","PFI","MDR_axis",296,73,1.41044921522168,1.10826601722355,1.79502660715272,0.00518060047141374,0.0231377119412173
"UVM","OS","MDR_resolution",79,22,1.84523090159464,1.19872967068652,2.84040444101945,0.00537597021888678,0.0659041331143826
"THCA","PFI","MDR_axis",576,65,1.46656036350843,1.11861967857813,1.92272614276538,0.00558496495132832,0.0231377119412173
"CESC","DSS","MDR_injury",292,56,1.48223746691404,1.1215384770738,1.95894118056118,0.00567196247757304,0.0178261677866581
"UVM","PFI","MDR_apc_ifn",78,28,1.5833671078244,1.13794729253434,2.2031349031612,0.00639686814500897,0.0927545881026301
"LUAD","DFI","MDR_axis",374,112,1.27423569659088,1.06987475536652,1.51763241661888,0.00658248877844743,0.0677820726134304
"LIHC","DFI","MDR_axis",358,167,1.2388690246171,1.06092666846082,1.44665649924927,0.00677820726134304,0.0677820726134304
"KIRP","PFI","MDR_axis",343,69,1.37687348936952,1.09139871346573,1.73701927841618,0.00698186983693613,0.0253092781588935
"STAD","OS","MDR_resolution",436,176,1.2415739609422,1.06031770340822,1.45381511176771,0.00720179294332798,0.0659041331143826
"PAAD","PFI","MDR_injury",182,107,1.33628125401703,1.08102411264586,1.65181106410925,0.00735557329123799,0.0533279063614754
"LUAD","DSS","MDR_axis",582,155,1.23032087239471,1.05686643810773,1.432242896993,0.00751104385924917,0.0330485929806964
"LGG","DSS","MDR_resolution",508,115,1.30836264509584,1.07339902721972,1.59475904828801,0.00778419123775153,0.0909867662884407
"LGG","OS","MDR_resolution",516,128,1.28999539867971,1.06795591384691,1.55819927305855,0.00823801663929783,0.0659041331143826
"KIRP","OS","MDR_injury",346,59,1.4251785612527,1.09485584632333,1.85516105912492,0.00844880976333329,0.0253464292899999
"KIRP","DSS","MDR_injury",342,38,1.52862553040828,1.10810790967848,2.1087260471717,0.00972784146604318,0.0267515640316188
"PAAD","DFI","MDR_injury",72,24,2.12890420808442,1.19330103049026,3.79806353249982,0.010518297203461,0.210365944069221
"UVM","DSS","MDR_resolution",79,20,1.77992424736939,1.14287545806695,2.77206961091985,0.0107480187610705,0.0909867662884407
"LGG","PFI","MDR_resolution",516,201,1.21060511549582,1.04424962060962,1.40346208103869,0.0112750008336989,0.114919164202768
"KIRP","DSS","MDR_axis",342,38,1.50206979500817,1.09645944067549,2.05772651990294,0.0112969734113891,0.04142223584176
"UVM","PFI","MDR_injury",78,28,1.67043944293133,1.12278930302792,2.48521064902892,0.0113624123212058,0.0659019914629937
"PRAD","PFI","MDR_resolution",563,95,1.31553944631683,1.06243292752601,1.62894427495351,0.0118881894002864,0.114919164202768
"KIRC","DSS","MDR_resolution",912,208,0.848311015718811,0.745677500369052,0.965070796736818,0.0124072863120601,0.0909867662884407
"BLCA","OS","MDR_injury",429,192,1.21218762310211,1.0403280004822,1.41243803196768,0.0136329583792245,0.036354555677932
"PAAD","DSS","MDR_axis",176,74,1.30453661941626,1.05335333754603,1.61561722048812,0.0148378253687227,0.0466331654445571
"STAD","OS","MDR_injury",436,176,1.19344306560537,1.03223904179325,1.37982220510393,0.0169159169643007,0.038503700394537
"THYM","PFI","MDR_apc_ifn",120,23,1.60816480115999,1.08630082237494,2.38073466798621,0.0176197020187051,0.146235339530193
"LUAD","OS","MDR_injury",621,238,1.15336801674323,1.02496294651956,1.29785938756454,0.0178169390857044,0.038503700394537
"SARC","OS","MDR_apc_ifn",268,101,0.796675782562054,0.659898145468809,0.96180343417992,0.0180203464631341,0.117487709555505
"ACC","OS","MDR_injury",77,27,1.56884476690674,1.07598723262101,2.2874564195852,0.0192518501972685,0.038503700394537
"PAAD","OS","MDR_apc_ifn",182,95,1.27923094816258,1.04027881738382,1.5730704032332,0.0195812849259176,0.117487709555505
"KICH","PFI","MDR_injury",89,15,1.84358703826108,1.09618628348156,3.10057990951083,0.0210997077608246,0.101981920843985
"KIRP","OS","MDR_axis",346,59,1.34590990630343,1.04481460815085,1.73377502741057,0.0214893836700358,0.0736778868686942
"LIHC","DFI","MDR_apc_ifn",358,167,0.825266551648815,0.699266051533395,0.973971036884809,0.0230883641137414,0.222873391796774
"GBM","PFI","MDR_apc_ifn",158,125,1.24367986814883,1.02835314919007,1.50409381802049,0.0245635566505681,0.146235339530193
"BRCA","PFI","MDR_apc_ifn",1215,173,0.849292242934805,0.736090600564026,0.979902899665533,0.0252129895741712,0.146235339530193
"LUSC","OS","MDR_resolution",608,278,1.1456480863157,1.01545565556467,1.29253259902223,0.0271637791604469,0.162982674962682
"MESO","OS","MDR_injury",85,73,1.33752242005896,1.03269587927793,1.73232629282034,0.0275410919735359,0.0507675531783066
"BLCA","DFI","MDR_apc_ifn",192,31,0.667771114442859,0.465180805043075,0.958591275585773,0.0285793733442135,0.222873391796774
"COAD","DSS","MDR_injury",317,42,1.399626858841,1.03395748045124,1.8946188610524,0.029547345517254,0.0675351801571692
"HNSC","OS","MDR_injury",591,268,1.15576468546444,1.01442789003178,1.31679345697491,0.0296144060206789,0.0507675531783066
"CESC","DSS","MDR_apc_ifn",292,56,0.762771155247955,0.597435597202425,0.973862016262092,0.0298223128680101,0.161603259621887
"ESCA","DSS","MDR_injury",196,52,1.37830283439609,1.03029417849452,1.84386046525098,0.0306978091623496,0.0675351801571692
"SKCM","PFI","MDR_apc_ifn",103,38,0.71220946291292,0.522768452505783,0.97030017138821,0.0314716560598758,0.1521130042894
"LUSC","DFI","MDR_axis",358,80,0.777425669191155,0.616910952718412,0.979704880346301,0.0328644688737627,0.219096459158418
"LIHC","PFI","MDR_injury",423,212,1.16393015560666,1.01185055976843,1.33886708274449,0.0335976145655951,0.139190117486037
"LUSC","OS","MDR_injury",608,278,1.1356787833912,1.00810668931745,1.27939464415038,0.0363696456846656,0.0546350708369028
"ESCA","OS","MDR_injury",200,83,1.27921511251584,1.01568214842697,1.61112539648674,0.0364233805579352,0.0546350708369028
"KIRC","OS","MDR_apc_ifn",932,333,0.896452048584916,0.809117327581668,0.99321352789961,0.0366022242826542,0.162074830315173
"PAAD","DSS","MDR_apc_ifn",176,74,1.28199483201033,1.01486767119837,1.61943354384372,0.0371821843136123,0.161603259621887
"HNSC","DFI","MDR_resolution",135,29,1.51780040866377,1.02442661454593,2.24878780756884,0.0374998140312275,0.5518146159004
"LUAD","PFI","MDR_apc_ifn",621,269,0.887833052531888,0.793448656636593,0.993444909856487,0.0380190565857794,0.157507520141086
"ACC","PFI","MDR_axis",77,40,1.4260387258766,1.01939944852197,1.9948867449833,0.0382518011988257,0.123255803862883
"KIRP","DFI","MDR_apc_ifn",193,28,1.47711864991172,1.02070835099637,2.13761306428733,0.0385781509447118,0.222873391796774
"BLCA","DSS","MDR_injury",412,129,1.21470888401326,1.00941114998449,1.46176082255819,0.0394818227852337,0.0789636455704673
"ACC","OS","MDR_axis",77,27,1.54873011760813,1.01981100961899,2.35197007539919,0.0401708374601254,0.120512512380376
"COAD","DSS","MDR_resolution",317,42,1.36962811952833,1.01269863144933,1.85235876453988,0.0411634270575568,0.226398848816562
"KIRP","PFI","MDR_injury",343,69,1.27661445205626,1.00460204864166,1.62227865392322,0.0457687325982652,0.165911655668711
"KIRC","DSS","MDR_apc_ifn",912,208,0.878032389170604,0.772467844754875,0.998023259696046,0.046564482044874,0.161603259621887
"MESO","OS","MDR_apc_ifn",85,73,0.773734329455072,0.600540715644965,0.996876309934022,0.0472377083612593,0.162074830315173
"SKCM","DSS","MDR_apc_ifn",103,22,0.648777280845493,0.422457606360511,0.996341298639277,0.0480744129349045,0.161603259621887
"SARC","DSS","MDR_apc_ifn",262,84,0.81311181922797,0.660308775978079,1.00127524367504,0.0514192189706004,0.161603259621887
"CESC","OS","MDR_apc_ifn",296,73,0.807362232920771,0.650878008354447,1.00146842692501,0.0515808596272925,0.162074830315173
"PRAD","DFI","MDR_axis",395,32,0.712568242934152,0.504909843501005,1.00563201009816,0.0538537217112734,0.251812534996609
"GBM","DSS","MDR_resolution",145,110,1.21240800243289,0.996529090647218,1.47505293940655,0.0542030541390906,0.238493438211999
"CESC","PFI","MDR_injury",296,73,1.26291999666976,0.995683546963904,1.60188136366399,0.0543165742793991,0.175020072678064
"KICH","PFI","MDR_resolution",89,15,1.67149266974146,0.990286918185719,2.82129117702379,0.0544274184432591,0.343771700823827
"BRCA","DFI","MDR_apc_ifn",1036,91,0.826481917089028,0.68047419771563,1.0038181632283,0.0546636940540859,0.222873391796774
"PAAD","DFI","MDR_apc_ifn",72,24,1.55361084266497,0.989296209172286,2.43982199473465,0.0557183479491935,0.222873391796774
"SKCM","OS","MDR_apc_ifn",103,30,0.70334455409535,0.490161363273027,1.00924633976105,0.0561320067585433,0.162074830315173
"GBM","OS","MDR_resolution",158,125,1.19039391454098,0.99430274591207,1.42515715419891,0.0577289944871747,0.24397483873878
"UVM","PFI","MDR_resolution",78,28,1.45020495151638,0.985564351858107,2.13389861092035,0.0592709829006599,0.343771700823827
"OV","PFI","MDR_apc_ifn",425,309,0.896715038513686,0.800254836662347,1.00480224980618,0.0604551987337613,0.204023594719061
"THCA","OS","MDR_apc_ifn",576,20,0.65025370452883,0.414673983672355,1.01966821383122,0.0607780613681899,0.162074830315173
"BLCA","OS","MDR_resolution",429,192,1.15204861277961,0.99349221208249,1.33590982401907,0.060993709684695,0.24397483873878
"ACC","DSS","MDR_injury",75,25,1.4697956764872,0.981774445324648,2.20040289387051,0.0613974742733243,0.112562036167761
"COAD","PFI","MDR_injury",331,101,1.20847005313419,0.990231157874518,1.47480702632791,0.0624115648548263,0.180993538078996
"THCA","DFI","MDR_axis",404,31,1.44481911742712,0.980319666470163,2.12940977671023,0.0629531337491522,0.251812534996609
"MESO","DSS","MDR_injury",65,43,1.34824405322548,0.977323931152049,1.85993811173245,0.0687229941406011,0.116300451622556
"ACC","DSS","MDR_axis",75,25,1.48426995365699,0.969867342165736,2.27150374030479,0.0689057503720757,0.189490813523208
"ESCA","DFI","MDR_resolution",96,23,1.42962577200004,0.971759683781057,2.10322560410645,0.0695963363192751,0.5518146159004
"OV","DFI","MDR_apc_ifn",210,149,0.864737206116449,0.73858225096547,1.0124402998645,0.0708718485151835,0.236239495050612
"LIHC","PFI","MDR_apc_ifn",423,212,0.874431726143673,0.755514717678913,1.01206611306752,0.071995638322379,0.204023594719061
"KIRC","OS","MDR_resolution",932,333,0.908815528624412,0.817003190286947,1.01094545882836,0.0784717625571139,0.269046043052962
"ACC","PFI","MDR_apc_ifn",77,40,0.749053413502181,0.541760225637444,1.03566299209044,0.0804678355925409,0.204023594719061
"MESO","PFI","MDR_apc_ifn",83,59,0.789174440718274,0.604003205298016,1.03111422658049,0.0826720314469776,0.204023594719061
"BLCA","DFI","MDR_resolution",192,31,0.719194176478658,0.495580444840039,1.04370595907546,0.0827721923850601,0.5518146159004
"PAAD","PFI","MDR_apc_ifn",182,107,1.19209202611037,0.976415703197891,1.45540817713367,0.0844235564354737,0.204023594719061
"MESO","DSS","MDR_apc_ifn",65,43,0.74913361230863,0.538657413720915,1.0418517499164,0.0861006677050021,0.220429635660608
"THCA","OS","MDR_axis",576,20,1.59340176725576,0.935951897602895,2.71267059599574,0.0861373790759185,0.229699677535783
"OV","DSS","MDR_apc_ifn",395,229,0.891704638889968,0.780984827250554,1.01812114047997,0.0901757600429758,0.220429635660608
"KIRC","PFI","MDR_resolution",928,298,0.909707500552657,0.814824817754534,1.01563884473026,0.0922113907866106,0.445688388801951
"OV","OS","MDR_apc_ifn",425,267,0.901186292329618,0.797706340667726,1.01808985597758,0.0945489009107008,0.226917362185682
"PRAD","PFI","MDR_apc_ifn",563,95,1.19016618701216,0.96600685334865,1.46634110078702,0.102020394189912,0.227583956269804
"LUSC","DFI","MDR_injury",358,80,0.836932726953401,0.675023577546783,1.03767692380658,0.104631500219789,0.570408508769446
"ACC","PFI","MDR_injury",77,40,1.28351725715007,0.944624396872125,1.74399110890743,0.110542572566463,0.264353542981275
"CESC","PFI","MDR_apc_ifn",296,73,0.837013656504028,0.671990172901865,1.04256265854137,0.112299447723877,0.232620284570888
"TGCT","DFI","MDR_injury",108,30,1.34929227065778,0.928289681102703,1.96123006505272,0.11641540099214,0.570408508769446
"LUAD","PFI","MDR_injury",621,269,1.09240800415761,0.977930641838631,1.22028618032048,0.117618284646029,0.264353542981275
"ESCA","DSS","MDR_resolution",196,52,1.22724292348803,0.949438973466476,1.586331755218,0.117877071247465,0.372525592516851
"HNSC","DFI","MDR_injury",135,29,1.37961542277417,0.921516010132992,2.06544291561647,0.118056731447867,0.570408508769446
"BRCA","PFI","MDR_injury",1215,173,1.13272008797212,0.968659163708004,1.32456786222313,0.118503312370916,0.264353542981275
"MESO","DSS","MDR_resolution",65,43,1.28794141094696,0.93667890896901,1.77093031790144,0.119383034037925,0.372525592516851
"LUAD","DSS","MDR_apc_ifn",582,155,0.888700439986233,0.765729036910198,1.03142029877646,0.120463376335025,0.258935839651425
"LUAD","DSS","MDR_injury",582,155,1.12095954655935,0.968679482795754,1.29717860999384,0.12532554684157,0.18639817005779
"BRCA","DSS","MDR_injury",1185,107,1.16973077688133,0.956355503563188,1.43071283145807,0.127089661403039,0.18639817005779
"ESCA","OS","MDR_resolution",200,83,1.17154385497221,0.954793998626781,1.43749856628461,0.129321972013793,0.387965916041378
"BRCA","DSS","MDR_apc_ifn",1185,107,0.868375505995881,0.723562641637682,1.04217102434539,0.129467919825713,0.258935839651425
"PAAD","DFI","MDR_axis",72,24,1.3310336528118,0.912921642587339,1.94063816900695,0.137173650785741,0.338192364599481
"COAD","DFI","MDR_apc_ifn",121,17,0.666548356681522,0.39001345037794,1.13915740947986,0.137946303479716,0.39413229565633
"TGCT","PFI","MDR_injury",137,38,1.29129362959186,0.918105532428609,1.81617382635061,0.141835505653973,0.293802118854658
"LGG","PFI","MDR_axis",516,201,1.11403967121448,0.964245950303444,1.28710355345449,0.14270657442091,0.413849065820639
"PAAD","DFI","MDR_resolution",72,24,1.41591283288936,0.888097147403179,2.25742099972159,0.143930741095584,0.640697603675843
"HNSC","DFI","MDR_axis",135,29,0.760394923303608,0.521212092615043,1.10933811317564,0.155175493046851,0.338192364599481
"COAD","DFI","MDR_resolution",121,17,0.695271460252645,0.418678182403392,1.15459181719694,0.160174400918961,0.640697603675843
"HNSC","DSS","MDR_injury",561,160,1.12710040597933,0.951211881733312,1.33551246526054,0.166922964073098,0.22951907560051
"COAD","DFI","MDR_axis",121,17,1.36870161377908,0.875950394048692,2.13864177730744,0.16810205424627,0.338192364599481
"LIHC","OS","MDR_apc_ifn",422,167,0.890099121208211,0.753101904516336,1.05201758331026,0.17216233266206,0.321882673992098
"BLCA","DSS","MDR_resolution",412,129,1.13352015332275,0.946796994945218,1.35706803554354,0.172357329006478,0.372525592516851
"UCEC","OS","MDR_apc_ifn",187,37,0.791641633804387,0.565304015918345,1.10860078599371,0.173862552413284,0.321882673992098
"BRCA","OS","MDR_apc_ifn",1215,202,0.911200320784992,0.796784033332797,1.04204651431799,0.174353115079053,0.321882673992098
"ESCA","DFI","MDR_axis",96,23,0.763065012523513,0.515896618403228,1.12865289782226,0.175742582919647,0.338192364599481
"OV","DFI","MDR_axis",210,149,1.12340526413511,0.949192411016136,1.32959279155576,0.175906739211751,0.338192364599481
"HNSC","PFI","MDR_apc_ifn",591,231,0.915354100896944,0.805313857354657,1.04043053820178,0.175913801791886,0.340100016797646
"CESC","DSS","MDR_resolution",292,56,0.835892200907256,0.644732514073615,1.08372969609192,0.176044574871743,0.372525592516851
"UCEC","DSS","MDR_resolution",185,25,1.35012863495082,0.873073788314758,2.08785025425252,0.177112699178872,0.372525592516851
"OV","PFI","MDR_axis",425,309,1.08935805971278,0.960670747451174,1.23528376960546,0.182072067251063,0.480008177298257
"LIHC","OS","MDR_resolution",422,167,1.12197755557218,0.947341380896692,1.32880676448039,0.182436025577115,0.48649606820564
"COAD","DSS","MDR_apc_ifn",317,42,1.22198474101094,0.909630930787425,1.6415962306503,0.183161167508921,0.335795473766354
"GBM","DSS","MDR_axis",145,110,1.12686738851022,0.944694200717969,1.34417053722017,0.184313910930321,0.450545115607451
"LUSC","DSS","MDR_resolution",534,108,1.13864435203696,0.939226953680002,1.38040220773668,0.186262796258426,0.372525592516851
"BLCA","DFI","MDR_axis",192,31,1.26288342620773,0.888085538978573,1.79585690588376,0.193853609452374,0.338192364599481
"LUAD","OS","MDR_apc_ifn",621,238,0.922295973968281,0.816231412241567,1.04214301341585,0.194384990340887,0.333231412012948
"BLCA","PFI","MDR_apc_ifn",430,183,0.911938877576895,0.793352051704036,1.04825154816194,0.194645354579869,0.350142271209774
"MESO","PFI","MDR_injury",83,59,1.1953479831516,0.911836405528452,1.56701003838129,0.196427526413785,0.379759884399984
"LGG","DFI","MDR_apc_ifn",135,23,0.732590016517419,0.456469496297481,1.17573712297137,0.197324459062558,0.421773192123438
"LUSC","PFI","MDR_resolution",609,179,1.10267337892574,0.950120583983952,1.27972028086494,0.198275177903631,0.805337526096001
"SARC","DFI","MDR_axis",159,71,1.16318713622568,0.921712972133979,1.46792369727464,0.202915418759689,0.338192364599481
"HNSC","DSS","MDR_apc_ifn",561,160,0.905178635721987,0.776399882825865,1.05531747323986,0.203256359429774,0.343972300573463
"PRAD","DFI","MDR_apc_ifn",395,32,1.25772218077484,0.8828813441711,1.7917074524869,0.204071089653977,0.421773192123438
"LUSC","PFI","MDR_apc_ifn",609,179,1.10030084159265,0.949034008341603,1.2756781436369,0.205255814157454,0.350142271209774
"GBM","OS","MDR_axis",158,125,1.11086244223276,0.942385385782945,1.30945936150962,0.210264098893976,0.48094270175331
"HNSC","DFI","MDR_apc_ifn",135,29,1.25856310752033,0.877840220187449,1.80440706541448,0.210886596061719,0.421773192123438
"BLCA","DFI","MDR_injury",192,31,0.790719797445042,0.545037469794275,1.14714644904602,0.216138911240033,0.570408508769446
"MESO","PFI","MDR_axis",83,59,1.19682818881139,0.897911538870016,1.59525482358337,0.220389085132061,0.532606955735813
"THCA","PFI","MDR_resolution",576,65,0.860003327017528,0.675058874266405,1.09561662052803,0.222162076164414,0.805337526096001
"STAD","OS","MDR_axis",436,176,0.913040387487917,0.787857629570839,1.05811344320951,0.22659610219167,0.48094270175331
"KIRP","DFI","MDR_injury",193,28,1.26450304058167,0.85839889110411,1.86273299769017,0.235064908713112,0.570408508769446
"STAD","DSS","MDR_resolution",402,97,1.13186179432293,0.920942778408565,1.39108655986395,0.239105849380551,0.420670914783228
"SARC","OS","MDR_axis",268,101,1.12884445915423,0.922037328854562,1.38203711833038,0.240471350876655,0.48094270175331
"LIHC","DSS","MDR_resolution",411,99,1.14172082046173,0.911556295358948,1.43000101969842,0.248578267826453,0.420670914783228
"MESO","OS","MDR_resolution",85,73,1.15990121428518,0.900646613720186,1.4937832512833,0.250457877268728,0.57153397328891
"LUAD","DFI","MDR_apc_ifn",374,112,0.903325667047846,0.759082907092929,1.07497778322064,0.252029099531425,0.458234726420772
"SARC","PFI","MDR_axis",268,144,1.10152685627997,0.933349648759051,1.30000736242765,0.252639554372622,0.534662126187693
"COAD","PFI","MDR_axis",331,101,1.11617993456822,0.922578424940364,1.35040839093246,0.258112750573369,0.534662126187693
"BLCA","PFI","MDR_injury",430,183,1.09091721869952,0.936618997801663,1.27063446379838,0.263394697828243,0.47740288981369
"LUSC","DSS","MDR_axis",534,108,0.898641228782305,0.743979816503778,1.08545425581887,0.267413503903358,0.588309708587388
"HNSC","OS","MDR_resolution",591,268,1.06904821834764,0.949064508019455,1.20420064547271,0.271653042975612,0.57153397328891
"LUSC","DSS","MDR_apc_ifn",534,108,1.11472772544293,0.918429015127637,1.35298197400534,0.271779731915423,0.420174245493559
"KIRC","PFI","MDR_apc_ifn",928,298,0.941329401385225,0.843906825413148,1.04999866718516,0.278058503256478,0.447983144135436
"TGCT","PFI","MDR_resolution",137,38,1.21278791407791,0.853718288846001,1.72288042056782,0.281466135725719,0.854290856874152
"PAAD","DSS","MDR_resolution",176,74,1.13430867202648,0.901691943991561,1.42693540960205,0.281823764054358,0.442865914942563
"BLCA","DSS","MDR_apc_ifn",412,129,0.913049664255046,0.772413643786401,1.07929177080511,0.286482440109245,0.420174245493559
"LUAD","DFI","MDR_resolution",374,112,0.914218497622492,0.774805124235832,1.07871700283274,0.288059440270586,0.772047949424071
"LIHC","DFI","MDR_injury",358,167,1.08733904413107,0.931497849005605,1.26925273971808,0.28873888149944,0.570408508769446
"UCEC","DFI","MDR_injury",124,18,0.780909388076038,0.493702292948923,1.23519675945354,0.290482604268132,0.570408508769446
"CESC","PFI","MDR_resolution",296,73,0.885480061226813,0.705349236946171,1.11161237265233,0.294583054094535,0.854290856874152
"STAD","DFI","MDR_axis",263,48,0.857992473637858,0.641376706192123,1.14776710428067,0.302235841256823,0.464978217318189
"LUSC","DFI","MDR_apc_ifn",358,80,1.12682378970968,0.897862976142205,1.4141710782098,0.302864485276127,0.473275942011693
"STAD","DFI","MDR_apc_ifn",263,48,1.16036865693852,0.87196302288457,1.54416573256864,0.307629362307601,0.473275942011693
"COAD","OS","MDR_axis",332,83,0.893983000308175,0.718831925270228,1.11181150522713,0.313792307537459,0.554833637276464
"LUAD","DFI","MDR_injury",374,112,1.09114290280748,0.920613713742207,1.29325993799015,0.314418063621243,0.570408508769446
"GBM","DSS","MDR_apc_ifn",145,110,1.11335328155918,0.900449533517163,1.37659633707274,0.321394647850093,0.441917640793878
"LIHC","DFI","MDR_resolution",358,167,0.9193469484741,0.77813898013875,1.08617976125284,0.322978315508459,0.772047949424071
"BLCA","OS","MDR_apc_ifn",429,192,0.932891126376036,0.81275371535234,1.07078668141661,0.323343333760114,0.482344237769829
"MESO","OS","MDR_axis",85,73,1.137299925179,0.880880945744269,1.46836087902811,0.323652955077937,0.554833637276464
"LGG","DFI","MDR_injury",135,23,0.796057596806464,0.506085258576698,1.25217576820061,0.323688004899865,0.570408508769446
"TGCT","DFI","MDR_axis",108,30,1.19095903121434,0.840488757253635,1.68756976436625,0.325726693723603,0.465323848176576
"COAD","OS","MDR_resolution",332,83,1.11149919911816,0.900086011633388,1.37256934745422,0.326076194134513,0.57153397328891
"TGCT","DFI","MDR_resolution",108,30,1.19974761922088,0.832206100206168,1.72961283204916,0.329167530967006,0.772047949424071
"STAD","DSS","MDR_axis",402,97,0.906599190178186,0.743877928769915,1.10491528225724,0.331303343076356,0.662606686152712
"CESC","DFI","MDR_injury",176,27,1.21694862951412,0.81827706136096,1.80985638826676,0.332249480873568,0.570408508769446
"LIHC","DSS","MDR_apc_ifn",411,99,0.898450024116507,0.719989400702349,1.12114490164372,0.343218725200832,0.44416540908343
"BRCA","OS","MDR_resolution",1215,202,1.06783318734868,0.932212703640487,1.22318405611751,0.343607222857142,0.57153397328891
"CESC","OS","MDR_resolution",296,73,0.894059983382623,0.70893686174218,1.12752389813923,0.344141026583511,0.57153397328891
"KIRP","DFI","MDR_resolution",193,28,1.20197600309992,0.818911777759586,1.76422705261445,0.347421577240832,0.772047949424071
"LUSC","OS","MDR_apc_ifn",608,278,1.05848408717276,0.939008998091216,1.19316062473888,0.352302947166461,0.482344237769829
"SARC","OS","MDR_resolution",268,101,0.919648834109718,0.769451410085248,1.09916489461714,0.357208733305568,0.57153397328891
"KIRC","DFI","MDR_injury",162,25,1.21060018696903,0.799964705943978,1.83202184021364,0.365931113707608,0.570408508769446
"ESCA","PFI","MDR_injury",200,91,1.10364995097043,0.889981202612068,1.3686167873008,0.369018200621491,0.629501636354308
"THCA","DFI","MDR_injury",404,31,1.19485404983226,0.809115229702006,1.76449057932868,0.37076553070014,0.570408508769446
"READ","OS","MDR_apc_ifn",98,19,0.803062172356302,0.494503497158487,1.30415428075917,0.375324614216953,0.482344237769829
"LUAD","PFI","MDR_resolution",621,269,0.951863191517334,0.852652328338489,1.06261779303543,0.379688291821538,0.944637464066006
"HNSC","OS","MDR_apc_ifn",591,268,0.948334764346721,0.842295437175625,1.06772372919911,0.380579149218122,0.482344237769829
"KIRP","OS","MDR_apc_ifn",346,59,1.1259165811227,0.863109832548345,1.46874488024793,0.381855854901114,0.482344237769829
"ACC","DSS","MDR_apc_ifn",75,25,0.843269189806048,0.574164537943228,1.23850025468912,0.384711289381828,0.470202687022235
"LUSC","PFI","MDR_axis",609,179,0.939786835879017,0.815197011584161,1.08341822202609,0.392095165400678,0.731283091866831
"COAD","DSS","MDR_axis",317,42,0.874456093595939,0.642077366905619,1.1909366363625,0.394648432867435,0.723522126923631
"LGG","DFI","MDR_axis",135,23,0.834143786450867,0.548925009770031,1.26756085820555,0.395642582188397,0.527523442917862
"BRCA","OS","MDR_injury",1215,202,1.06522942055367,0.920164572352213,1.23316388449127,0.397544814394028,0.56123973796804
"OV","PFI","MDR_resolution",425,309,0.945324694142416,0.829569880802074,1.07723146420339,0.398847724013311,0.944637464066006
"PRAD","PFI","MDR_injury",563,95,1.0921416541825,0.888893075169778,1.34186374730466,0.401506345090239,0.646871333756496
"LUSC","OS","MDR_axis",608,278,0.951424326231862,0.84681474717772,1.06895664200777,0.402088932224182,0.643342291558692
"BRCA","PFI","MDR_axis",1215,173,1.06489864609284,0.917893352852071,1.23544758541588,0.406758664003949,0.731283091866831
"SARC","PFI","MDR_apc_ifn",268,144,0.932782169311558,0.790763984346836,1.10030627672586,0.408978890576798,0.624230938248797
"UCEC","DFI","MDR_apc_ifn",124,18,0.835353554779946,0.537006943392136,1.29945351744536,0.424862050657506,0.606945786653579
"THYM","PFI","MDR_injury",120,23,1.18467749209788,0.780439060825972,1.79829640868819,0.426129038306001,0.650407479519685
"THYM","PFI","MDR_axis",120,23,1.17423199789253,0.788884013584051,1.74781179632534,0.428683191784005,0.731283091866831
"LUSC","DFI","MDR_resolution",358,80,1.09287336860494,0.874065298411668,1.366456490123,0.435905182046946,0.855372468519911
"LUSC","PFI","MDR_injury",609,179,1.05892704638087,0.911807933991468,1.22978365043204,0.453119923157296,0.657023888578079
"UCEC","PFI","MDR_apc_ifn",187,48,0.893591359656598,0.663635696833933,1.20322870192552,0.458590944321857,0.643592379249387
"UCEC","DSS","MDR_axis",185,25,0.860381409246609,0.574557604405025,1.28839330243265,0.465416951202522,0.787628686650422
"KICH","PFI","MDR_apc_ifn",89,15,1.21201188965123,0.722718262457409,2.03256634979874,0.466049653939212,0.643592379249387
"ESCA","PFI","MDR_resolution",200,91,1.07565201189907,0.882397659103394,1.3112310971883,0.470450334834605,0.944637464066006
"COAD","DFI","MDR_injury",121,17,0.832234095578484,0.505193592674673,1.37098648891487,0.47087537710129,0.655250195317077
"UCEC","DSS","MDR_injury",185,25,1.1638497452039,0.769891610165791,1.75939861082458,0.471733935048004,0.610479210062123
"THCA","DFI","MDR_apc_ifn",404,31,1.14037723095359,0.793883462762197,1.63809965804379,0.47716846347713,0.636224617969507
"CESC","DFI","MDR_axis",176,27,1.15175434073962,0.777950206746946,1.7051709092791,0.48035229028846,0.600440362860575
"SARC","DSS","MDR_resolution",262,84,0.932477457678652,0.765468768780592,1.13592382150874,0.487503580042076,0.65781595235311
"GBM","OS","MDR_apc_ifn",158,125,1.06908699328903,0.883599406854396,1.29351263746166,0.492006334362573,0.590407601235088
"SARC","PFI","MDR_injury",268,144,1.05995959203451,0.895941318169214,1.25400437948523,0.497202784936897,0.663120216639021
"BRCA","DSS","MDR_resolution",1185,107,1.06661524324784,0.885161830145926,1.28526562983529,0.497878578028658,0.65781595235311
"LUAD","DSS","MDR_resolution",582,155,0.952165237032994,0.823447304408975,1.10100383322624,0.508312326818312,0.65781595235311
"HNSC","PFI","MDR_injury",591,231,1.04794039050217,0.91178261349676,1.20443079939224,0.50962459884327,0.663120216639021
"KIRC","DFI","MDR_axis",162,25,1.14092271193692,0.768593738000717,1.69361857930241,0.513035564050066,0.603571251823607
"PRAD","DFI","MDR_resolution",395,32,1.12404017389133,0.787898191736678,1.60359082654667,0.518929289703877,0.855372468519911
"BRCA","DSS","MDR_axis",1185,107,1.06387872032164,0.881369869323759,1.28418042293825,0.5190127322179,0.815591436342414
"UCEC","OS","MDR_axis",187,37,0.896841150104991,0.641553051074185,1.25371401036114,0.524110410441292,0.786165615661938
"UCEC","PFI","MDR_injury",187,48,0.909052692669619,0.677047342237755,1.2205598434499,0.525922930437844,0.663120216639021
"SARC","DSS","MDR_injury",262,84,0.935401393562451,0.760336273818512,1.15077472587797,0.527621322790242,0.644870505632518
"GBM","PFI","MDR_axis",158,125,1.05518596903457,0.891635367487524,1.24873627701069,0.531877387113477,0.823873121315015
"ESCA","DFI","MDR_injury",96,23,1.14801252273093,0.740098802698691,1.78075244486456,0.537726426500369,0.655250195317077
"TGCT","PFI","MDR_axis",137,38,1.10445470301372,0.803938636509588,1.51730509719639,0.539778941551217,0.823873121315015
"UCEC","PFI","MDR_resolution",187,48,0.914173073416778,0.683341436382467,1.2229792658037,0.545617900636628,0.944637464066006
"ESCA","DFI","MDR_apc_ifn",96,23,1.13660783853451,0.749730342401266,1.72312270900017,0.54640041501005,0.678959672355385
"BRCA","PFI","MDR_resolution",1215,173,1.04478763136297,0.90262878144253,1.20933568382846,0.557111966193145,0.944637464066006
"COAD","PFI","MDR_apc_ifn",331,101,0.94340645633416,0.775611111171254,1.14750256801886,0.559874359488308,0.738016201143679
"OV","DFI","MDR_resolution",210,149,0.953568935922551,0.811007823548675,1.12118981981916,0.564992293419587,0.855372468519911
"COAD","PFI","MDR_resolution",331,101,1.05793844909658,0.872238569990681,1.28317389368466,0.567374185009681,0.944637464066006
"UCEC","DFI","MDR_resolution",124,18,0.883869317549331,0.574790733370279,1.35914677316458,0.573926923026982,0.855372468519911
"CESC","DFI","MDR_apc_ifn",176,27,1.11460404679538,0.761188908281954,1.63210757226702,0.577115721502077,0.678959672355385
"BLCA","PFI","MDR_resolution",430,183,1.04210932599989,0.898433487264586,1.20876154187263,0.58579107368781,0.944637464066006
"PAAD","OS","MDR_resolution",182,95,1.05625461085818,0.866660713218692,1.28732476959254,0.587680112778298,0.841965876473978
"LUSC","DSS","MDR_injury",534,108,1.05512667615299,0.868893044928216,1.28127657279341,0.588105781066305,0.668589143190694
"HNSC","DSS","MDR_resolution",561,160,1.04379318149537,0.892264435654057,1.22105528607961,0.592254075096977,0.723866091785194
"THCA","OS","MDR_resolution",576,20,0.887350233519273,0.568991563866835,1.38383499322142,0.598098352816013,0.841965876473978
"THCA","PFI","MDR_injury",576,65,1.07202070560049,0.82750542475917,1.38878653704371,0.598531499041994,0.690046402363739
"COAD","OS","MDR_injury",332,83,1.05749171322671,0.857871657672168,1.30356180151426,0.60047641504932,0.800635220065759
"LIHC","PFI","MDR_resolution",423,212,0.961577555069433,0.830218472378422,1.11372057497638,0.601116645464685,0.944637464066006
"READ","PFI","MDR_injury",97,20,1.13414534238588,0.706772190088904,1.81994378909247,0.601888947611067,0.690046402363739
"BRCA","DFI","MDR_injury",1036,91,1.05822498342982,0.85348377895578,1.31208131093615,0.605955217707525,0.655250195317077
"STAD","DSS","MDR_injury",402,97,1.05291401089395,0.86471466156492,1.28207368697837,0.60780831199154,0.668589143190694
"STAD","DFI","MDR_resolution",263,48,1.07885607119899,0.806519225140088,1.44315273099752,0.609112423733681,0.855372468519911
"STAD","DFI","MDR_injury",263,48,0.928915276628331,0.699047105934902,1.23437116587368,0.611208608332454,0.655250195317077
"TGCT","PFI","MDR_apc_ifn",137,38,0.926126783928014,0.688427082022932,1.24589930045819,0.612063351824373,0.771732052300296
"SARC","DFI","MDR_injury",159,71,1.06272990034081,0.839375123449134,1.34551860011947,0.613269638403098,0.655250195317077
"STAD","PFI","MDR_injury",438,140,0.958510097042188,0.811204844928858,1.13256424918468,0.618662291774387,0.690046402363739
"PRAD","DFI","MDR_injury",395,32,0.915941265741189,0.6457465226976,1.29919151369623,0.622487685551223,0.655250195317077
"UCEC","OS","MDR_resolution",187,37,1.08831379277704,0.770138492028084,1.53794015467229,0.631474407355483,0.841965876473978
"SARC","DFI","MDR_resolution",159,71,0.950042655480105,0.765674139128076,1.1788057100368,0.641529351389933,0.855372468519911
"THCA","OS","MDR_injury",576,20,1.12135202656534,0.690767133926698,1.82033901980001,0.643117398880779,0.812358819638878
"HNSC","PFI","MDR_resolution",591,231,1.03063840710402,0.90547856886978,1.17309847269359,0.647777696937295,0.944637464066006
"THCA","PFI","MDR_apc_ifn",576,65,1.05668061099278,0.822848796332609,1.35696122862983,0.665718484693037,0.79926087921507
"BRCA","DFI","MDR_axis",1036,91,1.04497812325608,0.854342630976834,1.27815145644231,0.668567316006296,0.723327351798313
"BLCA","PFI","MDR_axis",430,183,1.03335072506243,0.888417441703397,1.20192791233329,0.670480851328893,0.969135419979148
"UCEC","DFI","MDR_axis",124,18,0.912330066618369,0.583733517538169,1.42590090417663,0.687160984208397,0.723327351798313
"KIRP","PFI","MDR_apc_ifn",343,69,1.05009053801474,0.826544965433966,1.33409576507327,0.689017999323336,0.79926087921507
"KIRP","OS","MDR_resolution",346,59,1.05063457620666,0.814783428105439,1.35475633726084,0.70334762649748,0.888439107154712
"BRCA","OS","MDR_axis",1215,202,0.972751021541114,0.843806032233629,1.1214005515041,0.703370994956059,0.941068383291403
"SKCM","OS","MDR_axis",103,30,1.05943949392273,0.785022614209815,1.42978306734902,0.705801287468552,0.941068383291403
"SARC","DSS","MDR_axis",262,84,1.04349022704683,0.834796205011887,1.30435649731631,0.708457991750027,0.967548797136566
"ACC","OS","MDR_apc_ifn",77,27,0.930237319903974,0.634253580565912,1.36434621397017,0.711325627122242,0.781918249471448
"UVM","PFI","MDR_axis",78,28,1.07349541814885,0.735328969159618,1.56717940013108,0.713335880296579,0.969135419979148
"ESCA","OS","MDR_apc_ifn",200,83,1.03885268726178,0.845517652740367,1.27639547481146,0.716758395348827,0.781918249471448
"PAAD","PFI","MDR_resolution",182,107,1.03482871538137,0.849503516560385,1.26058391672559,0.733834123531713,0.944637464066006
"ESCA","DSS","MDR_apc_ifn",196,52,1.04561564791304,0.807922916651831,1.35323811297675,0.734610810069423,0.811715381452526
"PCPG","PFI","MDR_axis",184,22,1.0829846782906,0.6823092270941,1.71895053861032,0.735206180673836,0.969135419979148
"KIRP","DSS","MDR_apc_ifn",342,38,1.05744764664201,0.762362300726851,1.46675081430785,0.737923074047751,0.811715381452526
"SARC","PFI","MDR_resolution",268,144,0.974443616596777,0.836370947377885,1.13531007372162,0.739824944978149,0.944637464066006
"READ","OS","MDR_injury",98,19,0.924287876409661,0.57553152367457,1.48438103446258,0.744623270278712,0.893547924334454
"KIRP","PFI","MDR_resolution",343,69,0.962411712456175,0.761700159726447,1.21601169757595,0.748166616353463,0.944637464066006
"OV","DSS","MDR_resolution",395,229,0.974680833012627,0.827863678949604,1.147535216725,0.75817960151367,0.857272614220341
"KIRC","DFI","MDR_resolution",162,25,1.06479956737795,0.704112373817508,1.61025165988934,0.766062143905896,0.94529824682429
"OV","DSS","MDR_injury",395,229,0.977030253768846,0.837902758063589,1.1392588311628,0.766858383901219,0.803375449801277
"HNSC","DSS","MDR_axis",561,160,1.02365186384379,0.873729819210683,1.19929881676408,0.772335536666589,0.967548797136566
"BLCA","DSS","MDR_axis",412,129,1.02680005638112,0.854473887378108,1.23388013531855,0.777828575959943,0.967548797136566
"KIRP","DSS","MDR_resolution",342,38,1.04764013567003,0.756521310419529,1.45078511173475,0.77933874020031,0.857272614220341
"STAD","PFI","MDR_axis",438,140,0.976786429958224,0.828092336919883,1.15218036348384,0.780434603219471,0.974199144264707
"ACC","OS","MDR_resolution",77,27,1.05246668853545,0.721430878476612,1.53540160744961,0.790709011328003,0.905102910000347
"STAD","OS","MDR_apc_ifn",436,176,0.980848796003026,0.847626486817497,1.13500978978696,0.795152246626412,0.829724083436256
"TGCT","DFI","MDR_apc_ifn",108,30,0.961389320975362,0.709717106637183,1.30230681752182,0.799284528232786,0.888093920258651
"READ","PFI","MDR_resolution",97,20,1.06137539647593,0.665679507282962,1.6922824270833,0.802391227486899,0.944637464066006
"READ","PFI","MDR_axis",97,20,1.05193215980297,0.678020612113596,1.63204665029024,0.821255117055047,0.974199144264707
"READ","OS","MDR_resolution",98,19,0.945793188634047,0.577299100258497,1.54949965324044,0.824884520116341,0.905102910000347
"UCEC","DSS","MDR_apc_ifn",185,25,1.04717480525206,0.690546251467311,1.58798208001945,0.828218906424608,0.867657901968637
"SKCM","OS","MDR_injury",103,30,1.03715141010562,0.745830784521652,1.44226152876485,0.828342961659195,0.90218858440654
"OV","OS","MDR_axis",425,267,0.985884228714278,0.85979663017691,1.13046234227222,0.83865305865609,0.965666866601873
"ESCA","PFI","MDR_apc_ifn",200,91,0.979668131134907,0.80215278650675,1.19646738539789,0.840395276767798,0.907312640952932
"PCPG","PFI","MDR_apc_ifn",184,22,1.04463389704252,0.674786878915684,1.61719205418427,0.844739355369971,0.907312640952932
"COAD","OS","MDR_apc_ifn",332,83,1.02088684621549,0.82738044129997,1.25965021742392,0.847128663743306,0.847128663743306
"UVM","OS","MDR_axis",79,22,0.958802954493173,0.622973245786285,1.47567028241243,0.848345126040537,0.965666866601873
"KIRC","DFI","MDR_apc_ifn",162,25,1.03996114168109,0.692999605489344,1.56063462033713,0.849936198949719,0.894669683104968
"OV","DFI","MDR_injury",210,149,1.01583758118096,0.860684881029936,1.1989591243949,0.852586007189634,0.852586007189634
"SARC","OS","MDR_injury",268,101,0.982520489438658,0.811503623513401,1.18957757451201,0.85657646446815,0.90218858440654
"SKCM","OS","MDR_resolution",103,30,0.966063650147774,0.660094561642861,1.41385648415898,0.858974252910515,0.905102910000347
"OV","PFI","MDR_injury",425,309,0.988477368388696,0.869010470050415,1.12436793512966,0.86002313205741,0.907054685664781
"ACC","PFI","MDR_resolution",77,40,0.97301932051095,0.711471781685923,1.33071559892946,0.864040465043322,0.944637464066006
"LUAD","OS","MDR_resolution",621,238,0.989982048992019,0.879630495582249,1.11417744410704,0.867390288750333,0.905102910000347
"OV","OS","MDR_injury",425,267,0.9882511116408,0.858125453813244,1.13810895052628,0.869680122157832,0.90218858440654
"MESO","PFI","MDR_resolution",83,59,1.02240613738004,0.775983871002136,1.34708252170554,0.874865825882185,0.944637464066006
"PCPG","PFI","MDR_injury",184,22,1.03563643088517,0.657431875285867,1.6314128616143,0.87995590162331,0.907054685664781
"KICH","PFI","MDR_axis",89,15,1.03815685862491,0.605223332987133,1.78078009284691,0.891809084982222,0.974199144264707
"HNSC","OS","MDR_axis",591,268,1.00820438660346,0.894614390627782,1.136217006808,0.893420973992755,0.965666866601873
"SKCM","DSS","MDR_resolution",103,22,1.03166262282723,0.651958286310611,1.63250899587721,0.894097684112062,0.936673764307874
"STAD","PFI","MDR_resolution",438,140,0.989228231249941,0.838962076192499,1.16640849601091,0.897488157269633,0.944637464066006
"THCA","DFI","MDR_resolution",404,31,0.977079681456649,0.684454056997804,1.39481195874991,0.898405429821855,0.94529824682429
"UVM","DSS","MDR_axis",79,20,0.971850945639624,0.624169185962734,1.51320232043147,0.899424220765598,0.967548797136566
"OV","DSS","MDR_axis",395,229,1.00948353087374,0.869672958239873,1.17177036430773,0.901239534985022,0.967548797136566
"UCEC","OS","MDR_injury",187,37,0.978876374128875,0.696394709573914,1.37594232502709,0.90218858440654,0.90218858440654
"SKCM","PFI","MDR_injury",103,38,1.01798799861808,0.754685712818931,1.37315381453243,0.907054685664781,0.907054685664781
"MESO","DSS","MDR_axis",65,43,1.02042930502009,0.72624594395574,1.43377870156787,0.90721736255568,0.967548797136566
"SKCM","DSS","MDR_injury",103,22,1.02176547148213,0.701389138883016,1.48848138762984,0.910686879419618,0.910686879419618
"ESCA","PFI","MDR_axis",200,91,0.988853436465599,0.807260367755405,1.21129583201104,0.913775401537661,0.974199144264707
"ESCA","OS","MDR_axis",200,83,0.98811503276876,0.795074255450789,1.22802532127018,0.914147619304954,0.965666866601873
"READ","PFI","MDR_apc_ifn",97,20,0.976272327604588,0.624904546776749,1.52520518943669,0.915982714185992,0.948696382549778
"KIRP","DFI","MDR_axis",193,28,0.980523176596302,0.664398444855807,1.44706193593087,0.921098890436925,0.921098890436925
"HNSC","PFI","MDR_axis",591,231,0.993596907508843,0.872690716522625,1.13125394360207,0.922699496079325,0.974199144264707
"ESCA","DSS","MDR_axis",196,52,0.986655456754116,0.749844024394127,1.29825531533608,0.923569306357631,0.967548797136566
"LGG","DFI","MDR_resolution",135,23,0.981664754331236,0.655715263187308,1.46964047353726,0.928380035193931,0.94529824682429
"PCPG","PFI","MDR_resolution",184,22,0.980507412074929,0.626169396949552,1.53535894570608,0.931439120780556,0.944637464066006
"CESC","DFI","MDR_resolution",176,27,1.015826029154,0.694328528972634,1.486187702864,0.935537940607785,0.94529824682429
"THYM","PFI","MDR_resolution",120,23,1.01695639826944,0.669000891416311,1.54588779962862,0.937276943141647,0.944637464066006
"SKCM","PFI","MDR_resolution",103,38,1.01174243873795,0.727735676361624,1.40658592892009,0.944637464066006,0.944637464066006
"BRCA","DFI","MDR_resolution",1036,91,1.00701936918906,0.824631610731601,1.22974670959103,0.94529824682429,0.94529824682429
"STAD","DSS","MDR_apc_ifn",402,97,0.993634692752509,0.815876723174302,1.2101214247173,0.94937080494877,0.94937080494877
"SKCM","PFI","MDR_axis",103,38,1.00869129691721,0.7477157706279,1.36075521266873,0.954821860204963,0.974199144264707
"READ","OS","MDR_axis",98,19,0.989284292549204,0.633301527252903,1.54536720561823,0.962241466304626,0.965666866601873
"BLCA","OS","MDR_axis",429,192,0.996720312118459,0.858241738831629,1.15754260791599,0.965666866601873,0.965666866601873
"ACC","DSS","MDR_resolution",75,25,1.00850214398223,0.67852518294102,1.49895184436384,0.966601569161849,0.966601569161849
"STAD","PFI","MDR_apc_ifn",438,140,0.997273299834181,0.846661773947392,1.17467690778721,0.973924671194772,0.973924671194772
"UCEC","PFI","MDR_axis",187,48,1.00460424598529,0.760494103712278,1.32707102675119,0.974199144264707,0.974199144264707
"OV","OS","MDR_resolution",425,267,0.998212240947581,0.856971449011928,1.16273147620782,0.981659846904158,0.981659846904158
"SARC","DFI","MDR_apc_ifn",159,71,0.997958658945558,0.791825268963633,1.25775410813538,0.98618927223825,0.98618927223825
"SKCM","DSS","MDR_axis",103,22,0.999923105970597,0.707709657851769,1.4127915406565,0.999652089244165,0.999652089244165
