"cancer","endpoint","score","n","events","p_logrank","HR_high_vs_low","CI_low","CI_high","file"
"KIRC","DSS","MDR_axis",912,208,3.55689222519828e-09,2.33574873782726,1.74765732599219,3.12173449858902,"KM_TCGA_KIRC_DSS_MDR_axis_median.pdf"
"KIRC","OS","MDR_axis",932,333,9.88619408559543e-08,1.8065671791112,1.44878774701926,2.25270056249201,"KM_TCGA_KIRC_OS_MDR_axis_median.pdf"
"KIRC","PFI","MDR_axis",928,298,1.15898933339409e-07,1.8675806227185,1.47754579165176,2.360574814033,"KM_TCGA_KIRC_PFI_MDR_axis_median.pdf"
"LGG","OS","MDR_apc_ifn",516,128,5.59740092587191e-06,2.31006354092284,1.59254117683256,3.35086692936545,"KM_TCGA_LGG_OS_MDR_apc_ifn_median.pdf"
"LGG","DSS","MDR_apc_ifn",508,115,5.87589264311461e-06,2.41935805741998,1.63030503475322,3.59030566993802,"KM_TCGA_LGG_DSS_MDR_apc_ifn_median.pdf"
"CESC","OS","MDR_axis",296,73,8.13837652147154e-06,3.00750975393187,1.80919306501098,4.99952995339414,"KM_TCGA_CESC_OS_MDR_axis_median.pdf"
"CESC","DSS","MDR_axis",292,56,1.13231456871921e-05,3.56127832771129,1.94331390770155,6.52632767005026,"KM_TCGA_CESC_DSS_MDR_axis_median.pdf"
"LIHC","OS","MDR_axis",422,167,4.27928672299682e-05,1.9184658226614,1.3982659305036,2.63219680350382,"KM_TCGA_LIHC_OS_MDR_axis_median.pdf"
"LGG","OS","MDR_injury",516,128,4.35178668496405e-05,2.09606147756188,1.45853830204645,3.01224432128693,"KM_TCGA_LGG_OS_MDR_injury_median.pdf"
"KICH","PFI","MDR_injury",89,15,9.99431651578231e-05,18.4278272500756,2.41639400633512,140.533711086988,"KM_TCGA_KICH_PFI_MDR_injury_median.pdf"
"LIHC","DSS","MDR_injury",411,99,0.000220950677257026,2.17862764730087,1.42909844855126,3.32126763582688,"KM_TCGA_LIHC_DSS_MDR_injury_median.pdf"
"LGG","DSS","MDR_injury",508,115,0.00022791618358764,2.01338066911081,1.37767402073142,2.94242444711045,"KM_TCGA_LGG_DSS_MDR_injury_median.pdf"
"GBM","PFI","MDR_resolution",158,125,0.000359653924332015,1.9076052811587,1.32925421559525,2.73759365666184,"KM_TCGA_GBM_PFI_MDR_resolution_median.pdf"
"LGG","PFI","MDR_apc_ifn",516,201,0.000692074414324284,1.62269150412244,1.22472012104928,2.14998322661282,"KM_TCGA_LGG_PFI_MDR_apc_ifn_median.pdf"
"GBM","PFI","MDR_injury",158,125,0.000713702001679306,1.85255991940607,1.29117788259121,2.65802125428477,"KM_TCGA_GBM_PFI_MDR_injury_median.pdf"
"UVM","DSS","MDR_apc_ifn",79,20,0.000813638838024655,5.38155362166115,1.78917220175652,16.1868820420872,"KM_TCGA_UVM_DSS_MDR_apc_ifn_median.pdf"
"LGG","PFI","MDR_injury",516,201,0.00110117052626424,1.57890047621346,1.1937009395921,2.08840140030295,"KM_TCGA_LGG_PFI_MDR_injury_median.pdf"
"UVM","OS","MDR_apc_ifn",79,22,0.00113675405938984,4.56742945084462,1.67660056636036,12.4426844455443,"KM_TCGA_UVM_OS_MDR_apc_ifn_median.pdf"
"LIHC","OS","MDR_injury",422,167,0.00138687275746452,1.66347568009924,1.21471092785067,2.27803280174475,"KM_TCGA_LIHC_OS_MDR_injury_median.pdf"
"LIHC","DSS","MDR_axis",411,99,0.0019263857537809,1.90082272179592,1.26174032134509,2.86360589304451,"KM_TCGA_LIHC_DSS_MDR_axis_median.pdf"
"PAAD","OS","MDR_axis",182,95,0.00264349459532609,1.86218811148751,1.23370551734346,2.81083655201001,"KM_TCGA_PAAD_OS_MDR_axis_median.pdf"
"UVM","DSS","MDR_resolution",79,20,0.00267119981325381,4.26448676225912,1.53008912329612,11.8854824000757,"KM_TCGA_UVM_DSS_MDR_resolution_median.pdf"
"KIRP","OS","MDR_injury",346,59,0.00270591612878635,2.23801234340496,1.30398739375992,3.84106416457821,"KM_TCGA_KIRP_OS_MDR_injury_median.pdf"
"UVM","OS","MDR_resolution",79,22,0.00345785086957306,3.76105978909795,1.45512034162714,9.72123770969465,"KM_TCGA_UVM_OS_MDR_resolution_median.pdf"
"LUAD","OS","MDR_injury",621,238,0.00444214831193168,1.44915947147316,1.12085963762417,1.87361834012666,"KM_TCGA_LUAD_OS_MDR_injury_median.pdf"
"PAAD","PFI","MDR_axis",182,107,0.00452384563535257,1.7287976066415,1.17912464189935,2.53471181801024,"KM_TCGA_PAAD_PFI_MDR_axis_median.pdf"
"UVM","PFI","MDR_apc_ifn",78,28,0.004904411496227,3.14445536699766,1.35847044474532,7.27847969993494,"KM_TCGA_UVM_PFI_MDR_apc_ifn_median.pdf"
"LUAD","OS","MDR_axis",621,238,0.00527017023234855,1.43564275853692,1.11163733650533,1.85408501716838,"KM_TCGA_LUAD_OS_MDR_axis_median.pdf"
"GBM","OS","MDR_injury",158,125,0.00540343667021659,1.671367973855,1.16484640094028,2.39814528488324,"KM_TCGA_GBM_OS_MDR_injury_median.pdf"
"UVM","PFI","MDR_resolution",78,28,0.00561008490120862,3.10605106045047,1.33867019200524,7.20681856348356,"KM_TCGA_UVM_PFI_MDR_resolution_median.pdf"
"GBM","OS","MDR_resolution",158,125,0.00575473825528128,1.64965327089135,1.15342407090461,2.35937152935279,"KM_TCGA_GBM_OS_MDR_resolution_median.pdf"
"LUAD","PFI","MDR_axis",621,269,0.00583439884040005,1.39951061446485,1.10055307476851,1.77967787733614,"KM_TCGA_LUAD_PFI_MDR_axis_median.pdf"
"LGG","DSS","MDR_axis",508,115,0.00697955235367276,1.66476494807428,1.14494839650931,2.42058274485233,"KM_TCGA_LGG_DSS_MDR_axis_median.pdf"
"CESC","PFI","MDR_axis",296,73,0.00714784043229477,1.89984872843767,1.18064255132171,3.05717017136605,"KM_TCGA_CESC_PFI_MDR_axis_median.pdf"
"GBM","DSS","MDR_resolution",145,110,0.00723890129477633,1.68244801781213,1.14765163712203,2.4664551864696,"KM_TCGA_GBM_DSS_MDR_resolution_median.pdf"
"GBM","DSS","MDR_injury",145,110,0.00899576625418552,1.67711476199455,1.13945913698188,2.46846405773721,"KM_TCGA_GBM_DSS_MDR_injury_median.pdf"
"ESCA","DFI","MDR_resolution",96,23,0.0106139536044622,3.06078873764042,1.24262523186914,7.53922216948271,"KM_TCGA_ESCA_DFI_MDR_resolution_median.pdf"
"LGG","OS","MDR_axis",516,128,0.0109423202012685,1.575108140754,1.10665488253389,2.24186030733348,"KM_TCGA_LGG_OS_MDR_axis_median.pdf"
"PAAD","DFI","MDR_injury",72,24,0.0110251650648939,2.97756223452274,1.23930422485236,7.15391481983553,"KM_TCGA_PAAD_DFI_MDR_injury_median.pdf"
"SARC","OS","MDR_apc_ifn",268,101,0.0112745517102134,0.602141866121251,0.405040962424379,0.895155948587978,"KM_TCGA_SARC_OS_MDR_apc_ifn_median.pdf"
"PAAD","DSS","MDR_axis",176,74,0.0113988738937845,1.80167021722128,1.13440831277435,2.86141730016381,"KM_TCGA_PAAD_DSS_MDR_axis_median.pdf"
"LIHC","PFI","MDR_injury",423,212,0.0118328200049547,1.41566436035544,1.07870784408019,1.85787615449248,"KM_TCGA_LIHC_PFI_MDR_injury_median.pdf"
"HNSC","OS","MDR_injury",591,268,0.0119189335683593,1.36370204879713,1.07034051358611,1.7374688281795,"KM_TCGA_HNSC_OS_MDR_injury_median.pdf"
"GBM","PFI","MDR_apc_ifn",158,125,0.0124473698208093,1.56920471983115,1.09789814238221,2.24283415526821,"KM_TCGA_GBM_PFI_MDR_apc_ifn_median.pdf"
"KIRC","OS","MDR_injury",932,333,0.013123586078932,1.31411893738446,1.05813922088199,1.63202397899308,"KM_TCGA_KIRC_OS_MDR_injury_median.pdf"
"BRCA","DFI","MDR_apc_ifn",1036,91,0.0152989595969242,0.595892920332776,0.390197771069412,0.910021529670803,"KM_TCGA_BRCA_DFI_MDR_apc_ifn_median.pdf"
"KIRP","DSS","MDR_axis",342,38,0.0153366933497884,2.27950778899906,1.14948575085635,4.52041772265236,"KM_TCGA_KIRP_DSS_MDR_axis_median.pdf"
"SKCM","PFI","MDR_apc_ifn",103,38,0.0163301909841955,0.453940080123393,0.234221739197191,0.879771438162489,"KM_TCGA_SKCM_PFI_MDR_apc_ifn_median.pdf"
"OV","DFI","MDR_apc_ifn",210,149,0.0168084685430967,0.67493687165264,0.488142064858999,0.933211483931087,"KM_TCGA_OV_DFI_MDR_apc_ifn_median.pdf"
"LUAD","DSS","MDR_axis",582,155,0.0175548225672195,1.46406640171377,1.06585535124679,2.01105189941557,"KM_TCGA_LUAD_DSS_MDR_axis_median.pdf"
"KIRP","DSS","MDR_injury",342,38,0.0187243537066795,2.19151499518916,1.12052333022723,4.28615615987665,"KM_TCGA_KIRP_DSS_MDR_injury_median.pdf"
"KIRC","DSS","MDR_injury",912,208,0.0190639405108616,1.38766349757912,1.05384419127388,1.82722455412108,"KM_TCGA_KIRC_DSS_MDR_injury_median.pdf"
"KIRP","OS","MDR_axis",346,59,0.0263117391109234,1.80487052738121,1.06372441604904,3.06240749150873,"KM_TCGA_KIRP_OS_MDR_axis_median.pdf"
"PRAD","PFI","MDR_resolution",563,95,0.0272199645716896,1.58519193193595,1.04924863117426,2.39488848154379,"KM_TCGA_PRAD_PFI_MDR_resolution_median.pdf"
"LUSC","DFI","MDR_axis",358,80,0.0288243565770833,0.606399566405812,0.3863731040034,0.951723684508642,"KM_TCGA_LUSC_DFI_MDR_axis_median.pdf"
"MESO","OS","MDR_injury",85,73,0.0291845110421842,1.68216040596655,1.04870325900924,2.6982500598643,"KM_TCGA_MESO_OS_MDR_injury_median.pdf"
"ESCA","DSS","MDR_injury",196,52,0.0321848078209217,1.82111682734692,1.04469262377817,3.1745859244722,"KM_TCGA_ESCA_DSS_MDR_injury_median.pdf"
"KIRP","PFI","MDR_axis",343,69,0.0340116077560987,1.68330807899417,1.0343070535877,2.7395405252032,"KM_TCGA_KIRP_PFI_MDR_axis_median.pdf"
"CESC","OS","MDR_injury",296,73,0.0383592238288337,1.63919706076473,1.02202751456181,2.62905544687977,"KM_TCGA_CESC_OS_MDR_injury_median.pdf"
"SARC","DSS","MDR_apc_ifn",262,84,0.0389419605273865,0.636075347135202,0.412507467689865,0.980810964463197,"KM_TCGA_SARC_DSS_MDR_apc_ifn_median.pdf"
"BRCA","PFI","MDR_apc_ifn",1215,173,0.0420380588513908,0.731803214588983,0.540722571331854,0.990407971251673,"KM_TCGA_BRCA_PFI_MDR_apc_ifn_median.pdf"
"PAAD","DSS","MDR_injury",176,74,0.0427131086497166,1.61103251472518,1.01179264837372,2.56517555022111,"KM_TCGA_PAAD_DSS_MDR_injury_median.pdf"
"PAAD","PFI","MDR_injury",182,107,0.0465386528906863,1.4827681904847,1.00406831742415,2.18969313995844,"KM_TCGA_PAAD_PFI_MDR_injury_median.pdf"
"ESCA","OS","MDR_injury",200,83,0.049464551415439,1.54675584411205,0.996201748164679,2.40157542957783,"KM_TCGA_ESCA_OS_MDR_injury_median.pdf"
"KIRP","DFI","MDR_apc_ifn",193,28,0.0499341308038187,2.18191960521062,0.981055753504723,4.85270398404483,"KM_TCGA_KIRP_DFI_MDR_apc_ifn_median.pdf"
"THCA","PFI","MDR_axis",576,65,0.0505613478718066,1.64556030924071,0.99371360293366,2.72499915806141,"KM_TCGA_THCA_PFI_MDR_axis_median.pdf"
"MESO","DSS","MDR_injury",65,43,0.05646014651387,1.80249803919406,0.976057043200023,3.32869805503018,"KM_TCGA_MESO_DSS_MDR_injury_median.pdf"
"LIHC","PFI","MDR_axis",423,212,0.0571513945348624,1.29907621496883,0.990987629985141,1.70294659714678,"KM_TCGA_LIHC_PFI_MDR_axis_median.pdf"
"KIRP","PFI","MDR_injury",343,69,0.060576928440619,1.57737464526691,0.975858559787502,2.54966331603701,"KM_TCGA_KIRP_PFI_MDR_injury_median.pdf"
"KIRC","OS","MDR_apc_ifn",932,333,0.0694507279495438,0.818963282841313,0.660096745473056,1.01606448333807,"KM_TCGA_KIRC_OS_MDR_apc_ifn_median.pdf"
"SKCM","DSS","MDR_apc_ifn",103,22,0.0700755813877884,0.460760565358119,0.19266744303103,1.10190022377025,"KM_TCGA_SKCM_DSS_MDR_apc_ifn_median.pdf"
"THYM","PFI","MDR_apc_ifn",120,23,0.0889587557606294,2.04134840352185,0.875680103873367,4.75870501810993,"KM_TCGA_THYM_PFI_MDR_apc_ifn_median.pdf"
"LUAD","DFI","MDR_axis",374,112,0.0892310538127509,1.37887994829187,0.94981910985503,2.0017600110105,"KM_TCGA_LUAD_DFI_MDR_axis_median.pdf"
"BLCA","OS","MDR_resolution",429,192,0.104088392295885,1.2667347820336,0.951443408730379,1.68650809211548,"KM_TCGA_BLCA_OS_MDR_resolution_median.pdf"
"BLCA","DFI","MDR_apc_ifn",192,31,0.115382182876376,0.566930572334607,0.277116534644163,1.15983795142487,"KM_TCGA_BLCA_DFI_MDR_apc_ifn_median.pdf"
"PRAD","PFI","MDR_axis",563,95,0.125406186485384,0.728091898532713,0.484389266478086,1.0944045407186,"KM_TCGA_PRAD_PFI_MDR_axis_median.pdf"
"UVM","PFI","MDR_injury",78,28,0.13796804779664,1.80967501239797,0.816939181935154,4.00877289633728,"KM_TCGA_UVM_PFI_MDR_injury_median.pdf"
"PAAD","OS","MDR_injury",182,95,0.140019965067871,1.35731658835606,0.903807299176797,2.03838619438519,"KM_TCGA_PAAD_OS_MDR_injury_median.pdf"
"UVM","DSS","MDR_injury",79,20,0.142938693529485,1.96437751194109,0.782524683614691,4.93119142465275,"KM_TCGA_UVM_DSS_MDR_injury_median.pdf"
"LUSC","OS","MDR_resolution",608,278,0.147883575093879,1.18897613150876,0.938370300548922,1.50650999980559,"KM_TCGA_LUSC_OS_MDR_resolution_median.pdf"
"UVM","OS","MDR_injury",79,22,0.150816692230747,1.87376701133931,0.784519252398313,4.47535583358871,"KM_TCGA_UVM_OS_MDR_injury_median.pdf"
"ACC","PFI","MDR_axis",77,40,0.159593006748282,1.56044974303447,0.834842032019816,2.9167235322892,"KM_TCGA_ACC_PFI_MDR_axis_median.pdf"
"OV","PFI","MDR_apc_ifn",425,309,0.161364268099548,0.852566426035856,0.681950097595381,1.06586906192486,"KM_TCGA_OV_PFI_MDR_apc_ifn_median.pdf"
"STAD","OS","MDR_injury",436,176,0.162012439871366,1.23674522163427,0.917962561906716,1.66623216099159,"KM_TCGA_STAD_OS_MDR_injury_median.pdf"
"MESO","OS","MDR_apc_ifn",85,73,0.166040402028894,0.716424375474486,0.445901327491096,1.1510705488632,"KM_TCGA_MESO_OS_MDR_apc_ifn_median.pdf"
"CESC","DSS","MDR_apc_ifn",292,56,0.170882075369519,0.693832000671145,0.41002373821146,1.17408530358565,"KM_TCGA_CESC_DSS_MDR_apc_ifn_median.pdf"
"CESC","DSS","MDR_injury",292,56,0.172481349864938,1.44623455209822,0.84884304420494,2.46405315324439,"KM_TCGA_CESC_DSS_MDR_injury_median.pdf"
"ACC","DSS","MDR_axis",75,25,0.173113514144912,1.73300354557182,0.777600135072159,3.86226950524619,"KM_TCGA_ACC_DSS_MDR_axis_median.pdf"
"ACC","OS","MDR_axis",77,27,0.180656215860031,1.68069869412969,0.779001418623822,3.6261141930132,"KM_TCGA_ACC_OS_MDR_axis_median.pdf"
"SKCM","OS","MDR_apc_ifn",103,30,0.184345715218123,0.619444472994192,0.300068282283211,1.27874713116429,"KM_TCGA_SKCM_OS_MDR_apc_ifn_median.pdf"
"CESC","OS","MDR_apc_ifn",296,73,0.211041075885789,0.74616220100357,0.470854248511478,1.18244240540801,"KM_TCGA_CESC_OS_MDR_apc_ifn_median.pdf"
"COAD","DSS","MDR_injury",317,42,0.22840522047018,1.46439082770053,0.792117890459678,2.70722391462336,"KM_TCGA_COAD_DSS_MDR_injury_median.pdf"
"THCA","DFI","MDR_axis",404,31,0.242775948981417,1.53305343542772,0.744027527863004,3.15882510775795,"KM_TCGA_THCA_DFI_MDR_axis_median.pdf"
"STAD","OS","MDR_resolution",436,176,0.248940365373971,1.1919753733342,0.884823310231519,1.60575029410498,"KM_TCGA_STAD_OS_MDR_resolution_median.pdf"
"LGG","OS","MDR_resolution",516,128,0.273698044655542,1.21417733653397,0.855508708755201,1.72321636175718,"KM_TCGA_LGG_OS_MDR_resolution_median.pdf"
"LUAD","PFI","MDR_apc_ifn",621,269,0.274854561177523,0.874923443265262,0.687852189411925,1.11287140370898,"KM_TCGA_LUAD_PFI_MDR_apc_ifn_median.pdf"
"KIRC","PFI","MDR_injury",928,298,0.279629462107687,1.1345084168186,0.903533181189021,1.42452914251411,"KM_TCGA_KIRC_PFI_MDR_injury_median.pdf"
"LGG","DSS","MDR_resolution",508,115,0.283254332250121,1.22217104580229,0.844478442897544,1.7687864950967,"KM_TCGA_LGG_DSS_MDR_resolution_median.pdf"
"LIHC","DFI","MDR_apc_ifn",358,167,0.29009565746236,0.849378756481233,0.626336649441309,1.15184744913958,"KM_TCGA_LIHC_DFI_MDR_apc_ifn_median.pdf"
"LUSC","OS","MDR_injury",608,278,0.300537114121149,1.1327040339726,0.893098370353497,1.43659250891923,"KM_TCGA_LUSC_OS_MDR_injury_median.pdf"
"PRAD","DFI","MDR_axis",395,32,0.319194036243007,0.700043880832989,0.345463957820768,1.41856024050406,"KM_TCGA_PRAD_DFI_MDR_axis_median.pdf"
"KIRC","DSS","MDR_apc_ifn",912,208,0.328829938212285,0.872949020780699,0.664977498904418,1.14596357641797,"KM_TCGA_KIRC_DSS_MDR_apc_ifn_median.pdf"
"COAD","DSS","MDR_resolution",317,42,0.329594610077049,1.36219827680291,0.739064819727169,2.51071908146004,"KM_TCGA_COAD_DSS_MDR_resolution_median.pdf"
"LGG","PFI","MDR_resolution",516,201,0.345636829821918,1.14572847448135,0.867980947987934,1.51235316890343,"KM_TCGA_LGG_PFI_MDR_resolution_median.pdf"
"HNSC","DFI","MDR_resolution",135,29,0.354522806879643,1.41201140183694,0.671979492007017,2.96701941448043,"KM_TCGA_HNSC_DFI_MDR_resolution_median.pdf"
"PAAD","DFI","MDR_apc_ifn",72,24,0.36986797806992,1.46815928479256,0.628519649616148,3.42947382287733,"KM_TCGA_PAAD_DFI_MDR_apc_ifn_median.pdf"
"LIHC","PFI","MDR_apc_ifn",423,212,0.427835769096635,0.897133536233223,0.684715192734523,1.17545015851048,"KM_TCGA_LIHC_PFI_MDR_apc_ifn_median.pdf"
"LIHC","DFI","MDR_axis",358,167,0.431542501856054,1.12933434789387,0.832904882636783,1.53126256781599,"KM_TCGA_LIHC_DFI_MDR_axis_median.pdf"
"BLCA","OS","MDR_injury",429,192,0.445542559242496,1.11732076016581,0.839578864586785,1.48694272063642,"KM_TCGA_BLCA_OS_MDR_injury_median.pdf"
"THCA","OS","MDR_apc_ifn",576,20,0.522502498412917,0.746555915503376,0.304864629872469,1.82817447601656,"KM_TCGA_THCA_OS_MDR_apc_ifn_median.pdf"
"PAAD","DSS","MDR_apc_ifn",176,74,0.589452078380273,1.134317531532,0.717439361446804,1.79342858990354,"KM_TCGA_PAAD_DSS_MDR_apc_ifn_median.pdf"
"KIRC","DSS","MDR_resolution",912,208,0.632229010279997,0.935664873601196,0.712636517816325,1.22849269410691,"KM_TCGA_KIRC_DSS_MDR_resolution_median.pdf"
"PAAD","OS","MDR_apc_ifn",182,95,0.685029872311762,1.08734798557015,0.724946491621844,1.63091435766296,"KM_TCGA_PAAD_OS_MDR_apc_ifn_median.pdf"
"BLCA","DSS","MDR_injury",412,129,0.724053216066741,1.06445741671497,0.75190890985168,1.50692401320661,"KM_TCGA_BLCA_DSS_MDR_injury_median.pdf"
"COAD","PFI","MDR_injury",331,101,0.736971477718373,1.0713815993192,0.724937752867049,1.58338909350509,"KM_TCGA_COAD_PFI_MDR_injury_median.pdf"
"CESC","PFI","MDR_injury",296,73,0.756440642188921,1.07562797301711,0.679493219144874,1.70270357928358,"KM_TCGA_CESC_PFI_MDR_injury_median.pdf"
"KIRC","OS","MDR_resolution",932,333,0.819450055370664,1.02539753666989,0.826974220352937,1.27143033281006,"KM_TCGA_KIRC_OS_MDR_resolution_median.pdf"
"KICH","PFI","MDR_resolution",89,15,0.904909501751663,0.941572386037397,0.341060749834657,2.59941537857391,"KM_TCGA_KICH_PFI_MDR_resolution_median.pdf"
"ACC","DSS","MDR_injury",75,25,0.932950753027715,0.966910895845728,0.440904259109996,2.12045282209884,"KM_TCGA_ACC_DSS_MDR_injury_median.pdf"
"ACC","OS","MDR_injury",77,27,0.984457564285406,0.992555543738099,0.466283162322811,2.11280738188697,"KM_TCGA_ACC_OS_MDR_injury_median.pdf"
