cancer	endpoint	feature	n	events	HR	log2HR	lower95	upper95	p	stage_adjusted	q_endpoint	q_global	direction
ACC	OS	MDR_injury	73	25	3.79826364662707	1.9253400499003135	1.1553521027572076	12.486935103904422	0.027965098620491628	TRUE	0.22838735940620872	0.2731174979963524	Adverse
ACC	OS	MDR_resolution	73	25	2.1612087393925346	1.1118384209909837	0.6887515194083663	6.781579544447148	0.18654178389453496	TRUE	0.4743134636092351	0.5406500700090515	Adverse
ACC	OS	MDR_apc_ifn	73	25	0.9816557836344427	-0.026710860876271343	0.4304216651108066	2.238846590807349	0.9648938171584093	TRUE	0.9728923136730516	0.9773601455454688	Protective
ACC	OS	MDR_axis	73	25	1.1659947445132197	0.22156128589535393	0.6735823957943483	2.018377785288099	0.5833136215938062	TRUE	0.7781232039122775	0.7690442147251242	Adverse
ACC	DSS	MDR_injury	72	24	4.009475811029824	2.003413634620246	1.1864502065086087	13.549575187432543	0.02540780888093687	TRUE	0.21250167427692654	0.2598846515466092	Adverse
ACC	DSS	MDR_resolution	72	24	2.150119106864698	1.104416580802415	0.686128183381468	6.73782579651648	0.18898509361400667	TRUE	0.5223330254682707	0.5406500700090515	Adverse
ACC	DSS	MDR_apc_ifn	72	24	0.9421867379627797	-0.08591506983332808	0.4179985034159783	2.1237297309400134	0.885804720625453	TRUE	0.9156633067139515	0.9319065666374295	Protective
ACC	DSS	MDR_axis	72	24	1.1132494504934671	0.15477689965816158	0.6292176172567367	1.969627526367131	0.7124752003936619	TRUE	0.8002813105742903	0.8476929849350152	Adverse
ACC	PFI	MDR_injury	73	38	2.576665361251311	1.365505182516908	0.9896388097283797	6.708714652868729	0.05254625075166216	TRUE	0.3503083383444144	0.3566457323171018	Adverse
ACC	PFI	MDR_resolution	73	38	1.9156253156593843	0.9378154065327194	0.8370272670618467	4.384110881926588	0.12384582973942218	TRUE	0.5124655023700229	0.4822909491062367	Adverse
ACC	PFI	MDR_apc_ifn	73	38	0.9383796494398602	-0.09175636878708636	0.4927183449067845	1.7871393983706128	0.8465685638371743	TRUE	0.903537153586703	0.9160233641992084	Protective
ACC	PFI	MDR_axis	73	38	0.9858495395092283	-0.02056061579691729	0.66268903096593	1.4665993688380885	0.943935888586875	TRUE	0.9532188089487558	0.9674880548268399	Protective
BLCA	OS	MDR_injury	392	171	1.2928991675608474	0.3706097646049685	0.8770714329020777	1.9058747038978754	0.1944685200797864	TRUE	0.4743134636092351	0.5406500700090515	Adverse
BLCA	OS	MDR_resolution	392	171	1.5053658032517472	0.5901141038696525	0.8684083862001902	2.6095167177224585	0.1450373324278598	TRUE	0.4046071148988204	0.4965057048219264	Adverse
BLCA	OS	MDR_apc_ifn	392	171	0.7259091154189811	-0.4621391622890473	0.5401705727982875	0.9755141623480124	0.033639172749600675	TRUE	0.22838735940620872	0.2919386246322842	Protective
BLCA	OS	MDR_axis	392	171	0.9935422525317219	-0.009346772382938583	0.7770882694888965	1.2702883910666374	0.9587867517909466	TRUE	0.9728923136730516	0.9756622488238594	Protective
BLCA	DSS	MDR_injury	379	118	1.4264712998606437	0.5124507206558733	0.8962747801634956	2.270308631193359	0.13410641186882602	TRUE	0.4745303804589228	0.4822909491062367	Adverse
BLCA	DSS	MDR_resolution	379	118	1.347508115178965	0.4302939614328417	0.693421534238003	2.6185776339763014	0.378921494261278	TRUE	0.6320571069983306	0.6695621270062639	Adverse
BLCA	DSS	MDR_apc_ifn	379	118	0.6355264506265673	-0.6539759234043319	0.4407161423092084	0.9164490035008269	0.01521911907679071	TRUE	0.14001589550647453	0.1864342086906862	Protective
BLCA	DSS	MDR_axis	379	118	1.0744156683139847	0.10355224900128171	0.8008763201283794	1.441382394891564	0.6320894144157319	TRUE	0.75522371592529	0.8070978842051038	Adverse
BLCA	PFI	MDR_injury	393	171	1.1176425743806067	0.16045888351738977	0.7571892734819522	1.649686502192484	0.575572757352797	TRUE	0.7760531559812993	0.7622943090407613	Adverse
BLCA	PFI	MDR_resolution	393	171	1.2862233931237246	0.3631412337719345	0.7380567812091298	2.2415221418444475	0.37443602635746764	TRUE	0.7020675494202518	0.6695621270062639	Adverse
BLCA	PFI	MDR_apc_ifn	393	171	0.7974939335611193	-0.32645455037296095	0.591833003548904	1.074621675798845	0.1370100511363102	TRUE	0.5146923860079969	0.4847073040603839	Protective
BLCA	PFI	MDR_axis	393	171	0.9765278928324956	-0.03426684209489892	0.7650921941530886	1.2463945296624803	0.8486936373414197	TRUE	0.903537153586703	0.9160233641992084	Protective
BLCA	DFI	MDR_injury	181	31	1.389516565851508	0.47458303448763156	0.5070092064827424	3.8081286534616168	0.522491710417657	TRUE	0.7804881199448819	0.7502445072663793	Adverse
BLCA	DFI	MDR_resolution	181	31	1.4563571232297787	0.5423641719769494	0.3936370961739688	5.388150890750263	0.573292976251558	TRUE	0.7804881199448819	0.7622943090407613	Adverse
BLCA	DFI	MDR_apc_ifn	181	31	0.8354361048761249	-0.2593986013744762	0.38615546188305805	1.8074417021763043	0.6479215487129457	TRUE	0.8227575221751691	0.811454463563817	Protective
BLCA	DFI	MDR_axis	181	31	1.014560943610535	0.020855528873691947	0.5706597922331823	1.8037610539753846	0.9607286429745145	TRUE	0.9805677595726854	0.9756622488238594	Adverse
BRCA	OS	MDR_injury	1005	133	1.561557231820815	0.6429854457920263	1.033616863992028	2.35915364116069	0.03425810391093131	TRUE	0.22838735940620872	0.2919386246322842	Adverse
BRCA	OS	MDR_resolution	1005	133	0.9825623575366358	-0.02537912512009384	0.6372660938856032	1.5149539504941205	0.9365302006398322	TRUE	0.9654950522060124	0.9635691303170978	Protective
BRCA	OS	MDR_apc_ifn	1005	133	0.7684343896818382	-0.3800060096251411	0.5607058100376154	1.0531216204199587	0.10140544405179146	TRUE	0.3647021192686463	0.46545841130160576	Protective
BRCA	OS	MDR_axis	1005	133	1.2078929828146991	0.27249264009196356	0.93373354309334	1.562550117991362	0.15044289044022663	TRUE	0.4066024065952071	0.4966305357155778	Adverse
BRCA	DSS	MDR_injury	989	75	2.2327510758749782	1.1588224174753032	1.2999921600142752	3.8347749472320896	0.0036065817263586965	TRUE	0.06636110376500001	0.07345107670078017	Adverse
BRCA	DSS	MDR_resolution	989	75	1.0542337130615682	0.07619473348158526	0.5721079716412978	1.9426555420423604	0.8655212500769102	TRUE	0.9048723885661859	0.9193233863040698	Adverse
BRCA	DSS	MDR_apc_ifn	989	75	0.7958056754525367	-0.32951190694137117	0.5212103719274712	1.21506920658631	0.29015315846541356	TRUE	0.610497111847648	0.6298647212727362	Protective
BRCA	DSS	MDR_axis	989	75	1.3833601906660105	0.4681768453031303	0.976988027169763	1.958760357241283	0.06743445952562875	TRUE	0.3529742104677176	0.41959219260391223	Adverse
BRCA	PFI	MDR_injury	1005	131	1.326987331049557	0.4081545971442587	0.8814469354003178	1.9977327120279778	0.17529065188015241	TRUE	0.5393558519389305	0.5324250803768467	Adverse
BRCA	PFI	MDR_resolution	1005	131	1.2173117007514265	0.2836986270084735	0.7790328682966178	1.9021633580447532	0.38786712357316716	TRUE	0.705212951951213	0.6697969711043239	Adverse
BRCA	PFI	MDR_apc_ifn	1005	131	0.7689201713242098	-0.37909426836843185	0.5676399877785964	1.0415725505579783	0.08971101290577037	TRUE	0.4664301238233436	0.45339323608718346	Protective
BRCA	PFI	MDR_axis	1005	131	1.0373580299653802	0.05291390659953107	0.8017947866251375	1.3421285599313435	0.7801819415495055	TRUE	0.8888127996595558	0.8799889693805515	Adverse
BRCA	DFI	MDR_injury	879	76	1.2183876483404392	0.2849732213893201	0.6980156598866122	2.126697933782298	0.4870505282822688	TRUE	0.7792808452516301	0.7395366572812139	Adverse
BRCA	DFI	MDR_resolution	879	76	1.5074365746266303	0.5920973020281106	0.8430237134331323	2.6954936027458607	0.16633232095392161	TRUE	0.6064291297578109	0.5216181585114982	Adverse
BRCA	DFI	MDR_apc_ifn	879	76	0.7669541133372744	-0.3827878306416775	0.5151016153122052	1.1419467430876586	0.19141254764067456	TRUE	0.6064291297578109	0.5406500700090515	Protective
BRCA	DFI	MDR_axis	879	76	0.9057148560645035	-0.14287117319320514	0.6403435139591995	1.281061465624859	0.5756099884593504	TRUE	0.7804881199448819	0.7622943090407613	Protective
CESC	OS	MDR_injury	273	67	2.078997141040416	1.0558877742570574	1.2696984530759425	3.404138283372157	0.003625314806346834	TRUE	0.05179021151924049	0.07345107670078017	Adverse
CESC	OS	MDR_resolution	273	67	0.7845689769243663	-0.3500278047466791	0.4193422711592412	1.4678903651914408	0.4478003189259413	TRUE	0.697730855147902	0.7212202316861062	Protective
CESC	OS	MDR_apc_ifn	273	67	0.8399163696817727	-0.251682408724388	0.5685714528255951	1.240757875819352	0.3808518423964929	TRUE	0.6418398445355763	0.6695621270062639	Protective
CESC	OS	MDR_axis	273	67	1.9165823456668445	0.938535984641459	1.2074862325226101	3.0420950473677895	0.005783428223750388	TRUE	0.07179238435345936	0.09372208604961842	Adverse
CESC	DSS	MDR_injury	269	50	1.7018261102965295	0.7670836324239063	0.9774336900466489	2.96307784270132	0.060204896365767056	TRUE	0.3529742104677176	0.3868904815636178	Adverse
CESC	DSS	MDR_resolution	269	50	0.8132244027830733	-0.2982745874692265	0.39880848508206607	1.6582744701276808	0.569554416532165	TRUE	0.698653417612789	0.7622943090407613	Protective
CESC	DSS	MDR_apc_ifn	269	50	0.8231426802813673	-0.28078557153909056	0.5385683126419974	1.2580834337930875	0.3685397344847855	TRUE	0.6291902138516594	0.6671357667206935	Protective
CESC	DSS	MDR_axis	269	50	1.6326906841297868	0.7072514958961784	0.9712849088617936	2.7444870662800516	0.06431160152066624	TRUE	0.3529742104677176	0.40661528703388977	Adverse
CESC	PFI	MDR_injury	273	67	1.2719895886807602	0.34708686211589446	0.7851124610961246	2.060797139117317	0.3284462913678643	TRUE	0.6680263553244697	0.6535581026203188	Adverse
CESC	PFI	MDR_resolution	273	67	1.1343912473269147	0.18191830626660968	0.6243581464363903	2.0610662475643973	0.6789559889103712	TRUE	0.8399455532911809	0.8383082039609435	Adverse
CESC	PFI	MDR_apc_ifn	273	67	0.9628996005178029	-0.05454271570356429	0.6716749731649647	1.380393311825284	0.83700196927237	TRUE	0.903537153586703	0.9139408689547884	Protective
CESC	PFI	MDR_axis	273	67	1.0907787643141198	0.12535851871662995	0.7073917513585064	1.6819510693949946	0.6941294757525229	TRUE	0.8483664550676837	0.8416648272902211	Adverse
CESC	DFI	MDR_injury	167	25	0.7733333240900446	-0.3708377126121624	0.35461162392310647	1.6864772325620019	0.5181785470220325	TRUE	0.7804881199448819	0.7467867295317526	Protective
CESC	DFI	MDR_resolution	167	25	1.9020276133734608	0.927538191197306	0.6612272271603585	5.471203987729607	0.23301649543203373	TRUE	0.6317713209425357	0.5817991478303007	Adverse
CESC	DFI	MDR_apc_ifn	167	25	1.5776810928118559	0.6578056132627705	0.8767106703614028	2.8391095429350144	0.1282522382703015	TRUE	0.556502166793682	0.4822909491062367	Adverse
CESC	DFI	MDR_axis	167	25	0.6118551643642713	-0.7087379099151031	0.3021542403337667	1.2389921840768978	0.17235791521803073	TRUE	0.6064291297578109	0.5320023839800634	Protective
COAD	OS	MDR_injury	261	61	0.6031734473617977	-0.7293551745742526	0.34078186344708367	1.0675985039879	0.08266598049015349	TRUE	0.3647021192686463	0.43790627502892115	Protective
COAD	OS	MDR_resolution	261	61	0.8235783180363851	-0.2800222455790861	0.3263029966138215	2.078685310825952	0.6811475035464204	TRUE	0.8421219479566293	0.8383082039609435	Protective
COAD	OS	MDR_apc_ifn	261	61	0.8887702563338532	-0.17011755871579418	0.5329364665937777	1.4821890001117923	0.651349580715942	TRUE	0.824493140146762	0.8131497950339147	Protective
COAD	OS	MDR_axis	261	61	0.8291240483674651	-0.2703401299863986	0.5740264076464653	1.197587216239437	0.3178709194121292	TRUE	0.61129022963871	0.6489864604664304	Protective
COAD	DSS	MDR_injury	247	31	0.49038206550440067	-1.0280218778509085	0.22276583425771507	1.079494846997768	0.07673352401472122	TRUE	0.3529742104677176	0.42365551287001013	Protective
COAD	DSS	MDR_resolution	247	31	0.6010535486810888	-0.734434566554562	0.15002578536734817	2.408021844361939	0.47219514523378436	TRUE	0.6683377440232026	0.7316225175163773	Protective
COAD	DSS	MDR_apc_ifn	247	31	1.3607259083129957	0.4443764933365308	0.6794149608938441	2.725249080647678	0.38473041295550564	TRUE	0.6320571069983306	0.6695621270062639	Adverse
COAD	DSS	MDR_axis	247	31	0.7724462561642843	-0.3724935355435279	0.4396111172416439	1.3572750898704908	0.36930729943466967	TRUE	0.6291902138516594	0.6671357667206935	Protective
COAD	PFI	MDR_injury	260	76	0.7837334568442369	-0.3515650092606213	0.46669559411620604	1.3161429829656235	0.35687164806363947	TRUE	0.6907193188328506	0.6567778687368389	Protective
COAD	PFI	MDR_resolution	260	76	0.5562194196744414	-0.8462739795107022	0.24976914923777924	1.2386639573666633	0.1510018366653825	TRUE	0.5243785573770534	0.4966305357155778	Protective
COAD	PFI	MDR_apc_ifn	260	76	0.9154231758531832	-0.1274892776426865	0.58408406976865	1.434724270465126	0.6999023254308391	TRUE	0.8483664550676837	0.8416648272902211	Protective
COAD	PFI	MDR_axis	260	76	1.052136006053151	0.07332120897985878	0.7576074404594846	1.4611659232941179	0.7616552125093073	TRUE	0.8788329375107392	0.867932684022234	Adverse
COAD	DFI	MDR_injury	93	14	0.57408099255911	-0.8006738051633351	0.17805574018409853	1.850931543554278	0.35280312121511126	TRUE	0.6485339263480417	0.6567778687368389	Protective
COAD	DFI	MDR_resolution	93	14	0.4135444403068787	-1.2738857222856677	0.056166038340708296	3.044882800373291	0.3860230630189175	TRUE	0.6862632231447422	0.6695621270062639	Protective
COAD	DFI	MDR_apc_ifn	93	14	0.7821518697529102	-0.35447933330536147	0.2881310363925504	2.123206007299082	0.6296393427830472	TRUE	0.8227575221751691	0.8070978842051038	Protective
COAD	DFI	MDR_axis	93	14	0.9628849798675139	-0.054564621725537645	0.42621068709657833	2.175326692932909	0.9275282771913302	TRUE	0.9636657425364469	0.9591451240187066	Protective
ESCA	OS	MDR_injury	153	65	2.836120992982246	1.5039190813263754	1.5658729176766002	5.136804012658608	5.824356175302806e-4	TRUE	0.014560890438257014	0.025368306896874443	Adverse
ESCA	OS	MDR_resolution	153	65	1.3231109497213143	0.4039340441572793	0.6777723087256816	2.582906623263915	0.4120118725014682	TRUE	0.6662034103355722	0.6902817021006828	Adverse
ESCA	OS	MDR_apc_ifn	153	65	0.7032171058081436	-0.5079579303155676	0.464074384779022	1.0655927457333254	0.09684071480617618	TRUE	0.3647021192686463	0.46057311340865115	Protective
ESCA	OS	MDR_axis	153	65	1.4061207625169603	0.4917205033739417	0.9009957503014336	2.194433878428174	0.1333878271929477	TRUE	0.3923171388027874	0.4822909491062367	Adverse
ESCA	DSS	MDR_injury	151	41	2.340870526782635	1.2270451413981531	1.0896127663133761	5.029011216250416	0.029262589071037754	TRUE	0.22434651621128945	0.2731174979963524	Adverse
ESCA	DSS	MDR_resolution	151	41	1.531850674642722	0.6152756696830879	0.6415035652607808	3.657916520618944	0.3368943105790078	TRUE	0.627489267450408	0.65530635347549	Adverse
ESCA	DSS	MDR_apc_ifn	151	41	0.6509529192671885	-0.6193748918896762	0.3842544336178252	1.1027581363548329	0.11042763329349321	TRUE	0.4233059276250573	0.46545841130160576	Protective
ESCA	DSS	MDR_axis	151	41	1.1981847480434467	0.2608503743508412	0.6827543359029502	2.1027280457256694	0.528639881652215	TRUE	0.6863858004510354	0.7513110541549918	Adverse
ESCA	PFI	MDR_injury	153	72	0.9056610697736708	-0.1429568508418568	0.5357598345423792	1.5309508485349315	0.7114239108088387	TRUE	0.8537086929706065	0.8476929849350152	Protective
ESCA	PFI	MDR_resolution	153	72	1.227395207935749	0.29559985594929095	0.6725758519113448	2.2398945668097205	0.5043881363924402	TRUE	0.7476734140716017	0.741390801252992	Adverse
ESCA	PFI	MDR_apc_ifn	153	72	0.6519369688635085	-0.617195607584093	0.42454455672579416	1.001124156787749	0.050603123707431384	TRUE	0.3503083383444144	0.3566457323171018	Protective
ESCA	PFI	MDR_axis	153	72	0.8723658867431038	-0.19699473938462705	0.5929474476522922	1.2834564738684053	0.4882178252798917	TRUE	0.7476734140716017	0.7395366572812139	Protective
ESCA	DFI	MDR_injury	72	18	0.3311961310364633	-1.594242275211688	0.12271032646174951	0.893900948488751	0.029156089125842638	TRUE	0.2915608912584264	0.2731174979963524	Protective
ESCA	DFI	MDR_resolution	72	18	1.81158511460856	0.8572525902455066	0.5811696761915697	5.646957785164145	0.30566320764353916	TRUE	0.6435014897758718	0.6407485422260286	Adverse
ESCA	DFI	MDR_apc_ifn	72	18	0.7940032786859826	-0.33278313017121786	0.3872084834055553	1.6281699228778967	0.5289843136397391	TRUE	0.7804881199448819	0.7513110541549918	Protective
ESCA	DFI	MDR_axis	72	18	0.47462763674410774	-1.0751319862795912	0.22327306624573007	1.0089501494701887	0.05276901141426506	TRUE	0.42215209131412046	0.3566457323171018	Protective
GBM	OS	MDR_injury	141	111	1.0872021217973777	0.1206201768025331	0.6367924567314958	1.8561910417527376	0.759344841483615	FALSE	0.8728101626248448	0.8678226759812743	Adverse
GBM	OS	MDR_resolution	141	111	0.6906888228863344	-0.5338922175486986	0.3924961617872527	1.2154285735886743	0.19936059808150888	FALSE	0.4746680906702592	0.5457862167820298	Protective
GBM	OS	MDR_apc_ifn	141	111	0.8926444576595746	-0.16384243388601966	0.6602298171069579	1.20687389018856	0.4605023643976153	FALSE	0.697730855147902	0.7212202316861062	Protective
GBM	OS	MDR_axis	141	111	1.1867642710204964	0.24703339849850733	0.8806372809051558	1.5993070762609416	0.26062714258419506	FALSE	0.5318921277228471	0.5990966395602587	Adverse
GBM	DSS	MDR_injury	130	97	1.3560566865228278	0.4394174879550928	0.7519022363889767	2.445650043407997	0.3114074925883384	FALSE	0.6153297973199815	0.6424828268138351	Adverse
GBM	DSS	MDR_resolution	130	97	0.6567749173168813	-0.6065290642295244	0.3569526269011034	1.2084328829889974	0.17656954196170935	FALSE	0.5223330254682707	0.5324250803768467	Protective
GBM	DSS	MDR_apc_ifn	130	97	0.9398955161790548	-0.08942770689331961	0.675276162847871	1.308210817938362	0.7132942115988239	FALSE	0.8002813105742903	0.8476929849350152	Protective
GBM	DSS	MDR_axis	130	97	1.3204617057480121	0.4010424630131254	0.9540430862896125	1.827610452194662	0.09368584725270883	FALSE	0.41043323558329586	0.45339323608718346	Adverse
GBM	PFI	MDR_injury	141	111	1.444762434900925	0.5308322870740593	0.8412324440716795	2.4812862461626506	0.18239260210338784	FALSE	0.5444970092299376	0.5406500700090515	Adverse
GBM	PFI	MDR_resolution	141	111	0.6786560438131696	-0.5592475213183583	0.37110795949339226	1.2410782739149075	0.2081484036811082	FALSE	0.5550624098162885	0.5476119076711035	Protective
GBM	PFI	MDR_apc_ifn	141	111	1.2751907627510246	0.35071308385950134	0.9477986084331977	1.715671944373983	0.10831516811050425	FALSE	0.46929697352546335	0.46545841130160576	Adverse
GBM	PFI	MDR_axis	141	111	1.3257043501138899	0.40675907093900077	0.9744421479205286	1.8035878555349856	0.07263413251510469	FALSE	0.43597174245779075	0.42365551287001013	Adverse
HNSC	OS	MDR_injury	504	213	1.2014965049575614	0.2648324518071654	0.9468630235751012	1.524606849652457	0.13088101619438047	TRUE	0.3923171388027874	0.4822909491062367	Adverse
HNSC	OS	MDR_resolution	504	213	1.2204944746620165	0.2874657638648664	0.8100567602958421	1.8388918353529817	0.34072193044821253	TRUE	0.6194944189967501	0.65530635347549	Adverse
HNSC	OS	MDR_apc_ifn	504	213	1.0806867162959344	0.1119483562345992	0.8182097304767639	1.4273648128065812	0.584642681876259	TRUE	0.7781232039122775	0.7690442147251242	Adverse
HNSC	OS	MDR_axis	504	213	1.047143814203707	0.06645959488595471	0.8386064260211687	1.3075384752625407	0.6843332277232191	TRUE	0.8421219479566293	0.8383082039609435	Adverse
HNSC	DSS	MDR_injury	479	126	1.1604584803182658	0.2146949058702451	0.8542607321798082	1.5764085059912685	0.34102677578826524	TRUE	0.627489267450408	0.65530635347549	Adverse
HNSC	DSS	MDR_resolution	479	126	1.1892439599131561	0.2500446979718284	0.6873494524581351	2.057615949401031	0.5355053691549821	TRUE	0.6863858004510354	0.755101096074651	Adverse
HNSC	DSS	MDR_apc_ifn	479	126	1.0223591962639789	0.03190216263939805	0.7131501413043969	1.465635727525424	0.9042206975100846	TRUE	0.9243144907880864	0.9426981739998755	Adverse
HNSC	DSS	MDR_axis	479	126	1.0407082831134504	0.05756572907473385	0.7775819760479721	1.3928740170208451	0.788455846464693	TRUE	0.855268991129045	0.8799889693805515	Adverse
HNSC	PFI	MDR_injury	504	192	1.1401773475435975	0.189258244146185	0.8875219612310926	1.464757426450948	0.3047098978999669	TRUE	0.6680263553244697	0.6407485422260286	Adverse
HNSC	PFI	MDR_resolution	504	192	1.2440520103224264	0.31504680175928373	0.8080967043375072	1.9151982628812667	0.3211873269072437	TRUE	0.6680263553244697	0.648997072925977	Adverse
HNSC	PFI	MDR_apc_ifn	504	192	0.8902868038356055	-0.1676579230593632	0.6662055091506689	1.1897388751622608	0.43212324026355203	TRUE	0.7352937609205358	0.7117323957282033	Protective
HNSC	PFI	MDR_axis	504	192	1.0082391154784738	0.011837831104572902	0.797647215192377	1.2744307190186128	0.9452753188741828	TRUE	0.9532188089487558	0.9674880548268399	Adverse
HNSC	DFI	MDR_injury	125	28	1.347391513719562	0.43016911793548673	0.7239272432228199	2.5077988268010314	0.3468521854750055	TRUE	0.6485339263480417	0.6567778687368389	Adverse
HNSC	DFI	MDR_resolution	125	28	2.0969374695934797	1.0682838410947642	0.6924487624194057	6.350140241454891	0.1902473070857002	TRUE	0.6064291297578109	0.5406500700090515	Adverse
HNSC	DFI	MDR_apc_ifn	125	28	0.8822270303196381	-0.1807781314299278	0.4181715383478934	1.8612565936495866	0.7421784945577182	TRUE	0.8543679441104276	0.8670065231653156	Protective
HNSC	DFI	MDR_axis	125	28	0.9460837434746158	-0.07996020418918834	0.4869655440978677	1.8380652605003516	0.8700739191806376	TRUE	0.9280788471260134	0.9193233863040698	Protective
KICH	PFI	MDR_injury	65	11	3.4140111063905008	1.7714677517190296	0.3708671092930547	31.427623379100137	0.2782941932168189	TRUE	0.6422173689618897	0.6163351623784916	Adverse
KICH	PFI	MDR_resolution	65	11	3.5240139914007416	1.8172196522050899	0.07261559148899331	171.01939620598623	0.5248254748452974	TRUE	0.7497506783504249	0.7508452048881628	Adverse
KICH	PFI	MDR_apc_ifn	65	11	4.305536715850232	2.1061930910556628	0.7203907213583058	25.732766763821495	0.10950262715594145	TRUE	0.46929697352546335	0.46545841130160576	Adverse
KICH	PFI	MDR_axis	65	11	1.3060531155950497	0.38521357073375745	0.49233485401937377	3.46466378894315	0.5916719373412886	TRUE	0.781289592443331	0.7690442147251242	Adverse
KIRC	OS	MDR_injury	490	165	1.052008044678269	0.07314573692400671	0.7250177924302218	1.5264741605280114	0.7895140689997816	TRUE	0.8870944595503165	0.8799889693805515	Adverse
KIRC	OS	MDR_resolution	490	165	1.2171133704215231	0.28346355698111414	0.8194223801712163	1.8078160815540725	0.3303746707906183	TRUE	0.6194944189967501	0.6540751058076887	Adverse
KIRC	OS	MDR_apc_ifn	490	165	0.8754242588604135	-0.1919457318691692	0.6004840724945295	1.276249726021311	0.48910119183036493	TRUE	0.7192664585740661	0.7395366572812139	Protective
KIRC	OS	MDR_axis	490	165	0.93144471503975	-0.10245795288626698	0.7446453875567975	1.1651039161366001	0.5340237710839923	TRUE	0.7602746943944453	0.755101096074651	Protective
KIRC	DSS	MDR_injury	480	102	1.1582017162858735	0.21188653980533997	0.7168491909084115	1.87128789795751	0.548503356513936	TRUE	0.6863858004510354	0.7608681272506117	Adverse
KIRC	DSS	MDR_resolution	480	102	1.0433778590590588	0.06126172417446754	0.6382552928370163	1.7056456389663772	0.8655301108024387	TRUE	0.9048723885661859	0.9193233863040698	Adverse
KIRC	DSS	MDR_apc_ifn	480	102	0.8426867805771694	-0.24693160141585074	0.5147315394045147	1.3795949068538582	0.49616872669632456	TRUE	0.6813063112845054	0.7395366572812139	Protective
KIRC	DSS	MDR_axis	480	102	1.0387175564204951	0.05480341617999406	0.7851743436109349	1.3741332365169483	0.7901941765866177	TRUE	0.855268991129045	0.8799889693805515	Adverse
KIRC	PFI	MDR_injury	489	148	0.8718274298434084	-0.1978854997335104	0.5791384468262254	1.3124375899972525	0.5110390592064503	TRUE	0.7476734140716017	0.7467867295317526	Protective
KIRC	PFI	MDR_resolution	489	148	0.8761275199074607	-0.19078722626077746	0.5883392733139173	1.3046884101677734	0.5151122690672862	TRUE	0.7476734140716017	0.7467867295317526	Protective
KIRC	PFI	MDR_apc_ifn	489	148	0.954688721862687	-0.06689767862766527	0.6239061777611181	1.4608455375814224	0.830820318524521	TRUE	0.903537153586703	0.9122732909288859	Protective
KIRC	PFI	MDR_axis	489	148	1.0145429850670364	0.020829991786821832	0.7953597945360339	1.294128111101171	0.9074435920062892	TRUE	0.9307113764167068	0.9433899540329395	Adverse
KIRC	DFI	MDR_injury	101	14	0.3114458326876628	-1.6829468263675578	0.05215313048671851	1.8598788949632388	0.2007530929361359	TRUE	0.6064291297578109	0.5457862167820298	Protective
KIRC	DFI	MDR_resolution	101	14	0.23784462214032678	-2.071908689722352	0.037014841712211914	1.5283076102527615	0.1302596916826361	TRUE	0.556502166793682	0.4822909491062367	Protective
KIRC	DFI	MDR_apc_ifn	101	14	0.385489548117991	-1.375236350396234	0.07498170979089405	1.9818458677806716	0.25382074451603165	TRUE	0.6345518612900791	0.595794801498709	Protective
KIRC	DFI	MDR_axis	101	14	1.1304180852578674	0.17685645226283547	0.3585142066757523	3.5642800862108444	0.8342736020077984	TRUE	0.9019174075759984	0.9135062904666396	Adverse
KIRP	OS	MDR_injury	260	37	0.922871198048172	-0.11579878494027762	0.38518846635331966	2.2111026746206943	0.8571153362273203	TRUE	0.916217235044705	0.9180033109319934	Protective
KIRP	OS	MDR_resolution	260	37	1.385472900333531	0.4703784921713446	0.537221982659022	3.573076343707527	0.4999812885469022	TRUE	0.7246105631114524	0.741390801252992	Adverse
KIRP	OS	MDR_apc_ifn	260	37	1.7966128884448758	0.8452795885450868	0.8160176959626149	3.9555733740780537	0.14565856136357536	TRUE	0.4046071148988204	0.4965057048219264	Adverse
KIRP	OS	MDR_axis	260	37	0.8643745111218019	-0.21027156459224386	0.5424475134632937	1.3773559228004677	0.5397950330200562	TRUE	0.7602746943944453	0.7584216951392904	Protective
KIRP	DSS	MDR_injury	258	25	1.6478201302364182	0.7205587720246062	0.48767860738212165	5.567829181985787	0.42139760817773836	TRUE	0.6461429992058655	0.6969952000239386	Adverse
KIRP	DSS	MDR_resolution	258	25	1.411109511744316	0.49682995527724205	0.4535132777933957	4.39067641817185	0.5520929264497458	TRUE	0.6863858004510354	0.7608681272506117	Adverse
KIRP	DSS	MDR_apc_ifn	258	25	2.011897514667458	1.0085568166509944	0.7871249605859004	5.142425678525229	0.1442794386143015	TRUE	0.4823012943613634	0.4965057048219264	Adverse
KIRP	DSS	MDR_axis	258	25	1.0084547611195218	0.012146366675315943	0.5670420004351365	1.7934844410894097	0.9771348900207814	TRUE	0.9771348900207814	0.9812687846942405	Adverse
KIRP	PFI	MDR_injury	258	49	2.160062122731584	1.111072804457257	1.0076053295408205	4.630650749124141	0.04776676368254581	TRUE	0.3503083383444144	0.3467513215473696	Adverse
KIRP	PFI	MDR_resolution	258	49	1.0831396230956014	0.1152192268465843	0.4972200933729364	2.3595012726883864	0.8406639576704195	TRUE	0.903537153586703	0.9153896427966789	Adverse
KIRP	PFI	MDR_apc_ifn	258	49	1.9890991779808975	0.9921152118247587	1.0662164835560182	3.710799449140583	0.030657367483913886	TRUE	0.33326001304957187	0.2794811175277731	Adverse
KIRP	PFI	MDR_axis	258	49	1.2359354226425572	0.3056033647089292	0.8292498407392204	1.8420701384530154	0.29816403661516333	TRUE	0.6680263553244697	0.6352190345279567	Adverse
KIRP	DFI	MDR_injury	161	22	2.085727728251771	1.0605508401499617	0.6004486657299154	7.245015943386344	0.2472353697154926	TRUE	0.6345518612900791	0.595794801498709	Adverse
KIRP	DFI	MDR_resolution	161	22	1.598040025818927	0.6763035436396709	0.40765243082586594	6.264483493808029	0.5012313086109255	TRUE	0.7804881199448819	0.741390801252992	Adverse
KIRP	DFI	MDR_apc_ifn	161	22	3.170213694386308	1.6645800912922915	1.3631120620641834	7.373021740307407	0.007377663514878849	TRUE	0.11804261623806159	0.0964014699277503	Adverse
KIRP	DFI	MDR_axis	161	22	1.108660339383603	0.14881743426065847	0.5351750589474378	2.2966835385407682	0.781324639089214	TRUE	0.870457879592481	0.8799889693805515	Adverse
LGG	OS	MDR_injury	497	122	0.4749173976735174	-1.0742514874012308	0.3226940104131949	0.698948624191022	1.5898067147870527e-4	FALSE	0.007949033573935263	0.01038673720327541	Protective
LGG	OS	MDR_resolution	497	122	0.33159403893765393	-1.5925100231332696	0.22186016366177003	0.4956031981776333	7.299219374445353e-8	FALSE	7.2992193744453535e-6	2.015281224812989e-5	Protective
LGG	OS	MDR_apc_ifn	497	122	1.0465994663462528	0.0657094284453432	0.7320849779737141	1.4962340109587537	0.8027650608968434	FALSE	0.8919611787742705	0.8914558183330387	Adverse
LGG	OS	MDR_axis	497	122	1.1808752719724873	0.23985659046784702	0.9069990519114551	1.5374507889697653	0.21686376507932006	FALSE	0.4819194779540446	0.5592802362571938	Adverse
LGG	DSS	MDR_injury	489	110	0.44663954211578144	-1.1628171126723335	0.29881881833767027	0.6675847314139747	8.475806325898077e-5	FALSE	0.0038988709099131154	0.006645032159504093	Protective
LGG	DSS	MDR_resolution	489	110	0.33161606887450956	-1.592414178753668	0.21764507599034383	0.505268573779553	2.787699764984044e-7	FALSE	2.564683783785321e-5	3.589911678664236e-5	Protective
LGG	DSS	MDR_apc_ifn	489	110	0.9294077308392306	-0.1056164496115317	0.6404863595833901	1.3486606189483772	0.6999559533076839	FALSE	0.8002813105742903	0.8416648272902211	Protective
LGG	DSS	MDR_axis	489	110	1.1385798381935224	0.18723545803354977	0.8644889912076124	1.4995726505781009	0.35567661165423897	FALSE	0.6291902138516594	0.6567778687368389	Adverse
LGG	PFI	MDR_injury	497	188	0.4313017232956865	-1.2132306144162148	0.3119104137499032	0.5963929651511569	3.6631751823104445e-7	FALSE	2.1979051093862665e-5	3.589911678664236e-5	Protective
LGG	PFI	MDR_resolution	497	188	0.42522222265547055	-1.2337110989659776	0.31033848389301416	0.5826346006845616	1.0282047065372392e-7	FALSE	1.233845647844687e-5	2.015281224812989e-5	Protective
LGG	PFI	MDR_apc_ifn	497	188	0.8540344341217632	-0.22763385532824734	0.6473647911914595	1.1266828604059287	0.2643452079807589	FALSE	0.6330398036483309	0.5990966395602587	Protective
LGG	PFI	MDR_axis	497	188	1.0522280354702365	0.0734473947358495	0.8513732584686735	1.300468187855694	0.637583904508989	FALSE	0.8139368993731776	0.8081084968131647	Adverse
LGG	DFI	MDR_injury	128	20	0.44355586605561265	-1.1728122708446385	0.1776761914048275	1.1073054006660743	0.08157950381485038	FALSE	0.5020277157836947	0.43790627502892115	Protective
LGG	DFI	MDR_resolution	128	20	0.7509496207408156	-0.4132119705637336	0.2275797443529218	2.477924098623915	0.6381978465915479	FALSE	0.8227575221751691	0.8081084968131647	Protective
LGG	DFI	MDR_apc_ifn	128	20	0.17840196205988015	-2.486796612821447	0.05679860068016782	0.5603528904881617	0.0031592298155181885	FALSE	0.11804261623806159	0.07345107670078017	Protective
LGG	DFI	MDR_axis	128	20	0.7586447094616817	-0.3985036979217698	0.4216379129710949	1.3650143345474137	0.35669365949142295	FALSE	0.6485339263480417	0.6567778687368389	Protective
LIHC	OS	MDR_injury	327	110	1.6445118426660104	0.7176593975281376	1.0446479895698992	2.588833011378518	0.03166349537730949	TRUE	0.22838735940620872	0.28209295881602997	Adverse
LIHC	OS	MDR_resolution	327	110	1.5049704763944667	0.5897351853390791	0.9383907675364253	2.4136385535475453	0.08986391776379585	TRUE	0.3647021192686463	0.45339323608718346	Adverse
LIHC	OS	MDR_apc_ifn	327	110	0.5473404000927056	-0.8694897467244047	0.37371480642380184	0.8016313735076106	0.0019636838569800532	TRUE	0.03272806428300089	0.05921262091816776	Protective
LIHC	OS	MDR_axis	327	110	1.0381371658850989	0.05399707516827149	0.8342335421003259	1.2918789772928314	0.7372698300233786	TRUE	0.8728101626248448	0.8664002680144567	Adverse
LIHC	DSS	MDR_injury	319	61	2.3459115562014827	1.2301486229850151	1.2623695244201616	4.359500861720714	0.006999305203995753	TRUE	0.07154845319640103	0.09461129792987363	Adverse
LIHC	DSS	MDR_resolution	319	61	1.457572340045647	0.5435674868804787	0.7612141876285379	2.7909583938323532	0.2556345983595535	TRUE	0.5736190987580225	0.5964807295056248	Adverse
LIHC	DSS	MDR_apc_ifn	319	61	0.4498624454051952	-1.1524441593753716	0.2675366493305733	0.7564429781576668	0.002589517537108671	TRUE	0.05955890335349943	0.07105916083760792	Protective
LIHC	DSS	MDR_axis	319	61	1.1739421600378648	0.2313613288208987	0.8711843640887027	1.5819156678230366	0.2919768795793099	TRUE	0.610497111847648	0.6298647212727362	Adverse
LIHC	PFI	MDR_injury	327	152	1.3651589606474537	0.44906894996229746	0.9118692538580814	2.0437787324783367	0.1305697714525479	TRUE	0.5146923860079969	0.4822909491062367	Adverse
LIHC	PFI	MDR_resolution	327	152	1.0663430613330735	0.0926716531637834	0.7223828606249577	1.5740787696284193	0.746479515275486	TRUE	0.8782111944417482	0.8670065231653156	Adverse
LIHC	PFI	MDR_apc_ifn	327	152	0.6180235520435303	-0.6942662765490394	0.44636587293955393	0.8556951461480246	0.0037475039133051105	TRUE	0.07388081675531855	0.07345107670078017	Protective
LIHC	PFI	MDR_axis	327	152	1.0734455384062855	0.10224899747119841	0.888081310817514	1.2974998008500327	0.4636931123226413	TRUE	0.7476734140716017	0.721300396946331	Adverse
LIHC	DFI	MDR_injury	283	123	1.3132323780371662	0.3931222254300236	0.8619284625652368	2.000838066760816	0.2046698312932612	TRUE	0.6064291297578109	0.5457862167820298	Adverse
LIHC	DFI	MDR_resolution	283	123	1.073415848848825	0.10220909459011678	0.6972625608779214	1.6524931198214403	0.7475719510966242	TRUE	0.8543679441104276	0.8670065231653156	Adverse
LIHC	DFI	MDR_apc_ifn	283	123	0.5245337370056349	-0.9308925277179203	0.36420420799352893	0.7554433343120107	5.267655831653765e-4	TRUE	0.042141246653230116	0.025368306896874443	Protective
LIHC	DFI	MDR_axis	283	123	1.0626531508118446	0.0876707791272444	0.8683362762529377	1.3004543859473712	0.5553333084319269	TRUE	0.7804881199448819	0.7608681272506117	Adverse
LUAD	OS	MDR_injury	469	168	1.3216124032209873	0.40229913150486435	0.9314939198562444	1.8751162053930654	0.11820385856190466	TRUE	0.39217041528690455	0.4822909491062367	Adverse
LUAD	OS	MDR_resolution	469	168	0.9657327263641154	-0.05030412705008773	0.66796768629852	1.396234754915769	0.8529299181956914	TRUE	0.916217235044705	0.9160233641992084	Protective
LUAD	OS	MDR_apc_ifn	469	168	1.0787382027993946	0.1093447820175564	0.8312569660797732	1.399899378487967	0.568670167675554	TRUE	0.7781232039122775	0.7622943090407613	Adverse
LUAD	OS	MDR_axis	469	168	1.1329819657088431	0.18012489717829794	0.9090327284382657	1.4121033208857119	0.2664998678537948	TRUE	0.5329997357075896	0.600390506889009	Adverse
LUAD	DSS	MDR_injury	438	103	1.4752053794613849	0.560915821799162	0.960716754746009	2.265215945117094	0.07559837848959945	TRUE	0.3529742104677176	0.42365551287001013	Adverse
LUAD	DSS	MDR_resolution	438	103	1.1847523228074814	0.24458548949935902	0.7282903989306222	1.9273054655927642	0.4946852332301953	TRUE	0.6813063112845054	0.7395366572812139	Adverse
LUAD	DSS	MDR_apc_ifn	438	103	1.0684263180608775	0.09548741877592087	0.7773909039716522	1.4684180008964316	0.6833191472550437	TRUE	0.7957640702210635	0.8383082039609435	Adverse
LUAD	DSS	MDR_axis	438	103	1.0922754897014404	0.1273367733827484	0.8213413468729519	1.4525821084556567	0.5439691234877536	TRUE	0.6863858004510354	0.7608681272506117	Adverse
LUAD	PFI	MDR_injury	469	191	1.256494486932478	0.32940434118066697	0.9126032269020244	1.7299724010960633	0.16168338852459146	TRUE	0.5243785573770534	0.513198130740243	Adverse
LUAD	PFI	MDR_resolution	469	191	0.950596393962341	-0.07309516602484911	0.6604246139139357	1.368261396041736	0.7851179730326077	TRUE	0.8888127996595558	0.8799889693805515	Protective
LUAD	PFI	MDR_apc_ifn	469	191	0.9192370876296451	-0.12149108861355068	0.7225938496032984	1.1693938769859888	0.49288879251785156	TRUE	0.7476734140716017	0.7395366572812139	Protective
LUAD	PFI	MDR_axis	469	191	1.1277675543083392	0.1734697425560322	0.9134115188820189	1.3924278709637041	0.2636036233913723	TRUE	0.6330398036483309	0.5990966395602587	Adverse
LUAD	DFI	MDR_injury	276	81	1.374176519138878	0.4585673367100597	0.8114951881715743	2.3270145446055155	0.23691424535345093	TRUE	0.6317713209425357	0.5877872416364098	Adverse
LUAD	DFI	MDR_resolution	276	81	0.6720249866230906	-0.5734132199085356	0.3949850437261592	1.1433789451503102	0.14269720020877955	TRUE	0.5707888008351182	0.4965057048219264	Protective
LUAD	DFI	MDR_apc_ifn	276	81	0.8986658108872535	-0.1541433780470487	0.618489823995383	1.3057615636109052	0.5751556045157191	TRUE	0.7804881199448819	0.7622943090407613	Protective
LUAD	DFI	MDR_axis	276	81	1.3229192291512928	0.4037249805431914	0.9768812841808576	1.7915332345892692	0.0704852779279135	TRUE	0.46990185285275665	0.42365551287001013	Adverse
LUSC	OS	MDR_injury	474	206	0.9294210935954857	-0.10559570710751102	0.7114758493100382	1.2141291514784818	0.5913736349733308	TRUE	0.7781232039122775	0.7690442147251242	Protective
LUSC	OS	MDR_resolution	474	206	1.3920716787970608	0.4772334985305103	0.9118243792690248	2.1252596475457035	0.1254338940754123	TRUE	0.39217041528690455	0.4822909491062367	Adverse
LUSC	OS	MDR_apc_ifn	474	206	0.9688616941970545	-0.04563736045145874	0.7338666698300836	1.2791056210520197	0.8233893612813806	TRUE	0.9048234739355832	0.9066534539952281	Protective
LUSC	OS	MDR_axis	474	206	0.8640430760854404	-0.21082485645034035	0.6930850135782112	1.07717007683783	0.1939061605466926	TRUE	0.4743134636092351	0.5406500700090515	Protective
LUSC	DSS	MDR_injury	423	83	0.8107400479964754	-0.30268868548072214	0.5382777409981191	1.221115746318078	0.31537312703002335	TRUE	0.6153297973199815	0.6472579361035034	Protective
LUSC	DSS	MDR_resolution	423	83	1.6122489381352154	0.6890745193529895	0.8386888978079792	3.0992977793218137	0.15202975583129932	TRUE	0.4823012943613634	0.4966305357155778	Adverse
LUSC	DSS	MDR_apc_ifn	423	83	1.2469708694826587	0.31842776272669004	0.8143365110441403	1.9094518399335951	0.30998548405797055	TRUE	0.6153297973199815	0.6424828268138351	Adverse
LUSC	DSS	MDR_axis	423	83	0.7481667268219666	-0.4185682884698155	0.523985529816014	1.0682612768334276	0.11035782210121929	TRUE	0.4233059276250573	0.46545841130160576	Protective
LUSC	PFI	MDR_injury	475	139	0.8211400056739505	-0.28429987011801844	0.5949750312907365	1.133275975389177	0.23059204485650325	TRUE	0.5907207415929272	0.5813802854224407	Protective
LUSC	PFI	MDR_resolution	475	139	1.263980813814461	0.3379745647612121	0.7616399807455704	2.0976413240900618	0.3647047741999756	TRUE	0.6946757603809058	0.6649500999366997	Adverse
LUSC	PFI	MDR_apc_ifn	475	139	1.3220330650108463	0.40275826015167865	0.9556283595064149	1.828923773133629	0.09181857794753384	TRUE	0.4664301238233436	0.45339323608718346	Adverse
LUSC	PFI	MDR_axis	475	139	0.8293029815798788	-0.27002881564511044	0.635049797083779	1.0829756003631104	0.16926747084884541	TRUE	0.5345288553121434	0.526609909307519	Protective
LUSC	DFI	MDR_injury	283	57	0.77901213280047	-0.3602822970307631	0.46847624413505984	1.2953909843833655	0.3358101080705783	TRUE	0.6485339263480417	0.65530635347549	Protective
LUSC	DFI	MDR_resolution	283	57	1.0173511376140307	0.0248177097370398	0.4354020516376702	2.377120946747086	0.9683106625780268	TRUE	0.9805677595726854	0.9782932467283156	Adverse
LUSC	DFI	MDR_apc_ifn	283	57	1.1072368506544987	0.14696386413838822	0.6359386720287346	1.9278170952181022	0.71880756784848	TRUE	0.8543679441104276	0.8487125499897715	Adverse
LUSC	DFI	MDR_axis	283	57	0.8419422165243075	-0.24820687204039824	0.5235103555450461	1.3540643245305743	0.4779128615343928	TRUE	0.7792808452516301	0.7318040692245389	Protective
MESO	OS	MDR_injury	80	68	0.9260143807295956	-0.1108934966003672	0.535377068028666	1.6016797964011837	0.7833498037765761	TRUE	0.8870944595503165	0.8799889693805515	Protective
MESO	OS	MDR_resolution	80	68	1.1581221231068501	0.21178739245576994	0.6245125991049822	2.1476698051435967	0.6412984584893466	TRUE	0.8221775108837778	0.8081084968131647	Adverse
MESO	OS	MDR_apc_ifn	80	68	0.4678355460861825	-1.095926613244044	0.30730562549945145	0.7122228817843338	3.961992524760489e-4	TRUE	0.01320664174920163	0.022187158138658736	Protective
MESO	OS	MDR_axis	80	68	0.8813173869391171	-0.18226642749732058	0.579884418240049	1.3394399161104242	0.5541510983357887	TRUE	0.769654303244151	0.7608681272506117	Protective
MESO	DSS	MDR_injury	62	41	1.0190003559265282	0.02715455542261531	0.49937851772540987	2.079307956833955	0.9587481502911002	TRUE	0.969283844250343	0.9756622488238594	Adverse
MESO	DSS	MDR_resolution	62	41	1.6316334488059117	0.7063169880776998	0.722474924181651	3.684872127953485	0.23884568462593905	TRUE	0.5736190987580225	0.5888522539205541	Adverse
MESO	DSS	MDR_apc_ifn	62	41	0.46153834665302956	-1.1154775765333738	0.26471950222073704	0.8046919235047018	0.006408715562595412	TRUE	0.07154845319640103	0.09372208604961842	Protective
MESO	DSS	MDR_axis	62	41	0.7423077019812555	-0.42991075695954295	0.4120690448306643	1.3372048479087502	0.32104163338433817	TRUE	0.6153297973199815	0.648997072925977	Protective
MESO	PFI	MDR_injury	78	55	1.249800564357267	0.3216978966727845	0.713975083865843	2.1877534468153033	0.43504880854465033	TRUE	0.7352937609205358	0.713552857529301	Adverse
MESO	PFI	MDR_resolution	78	55	1.56694827716758	0.6479575591944267	0.8390292574863154	2.9263900887967464	0.15875884404445437	TRUE	0.5243785573770534	0.5101103841428369	Adverse
MESO	PFI	MDR_apc_ifn	78	55	0.7044703594578612	-0.5053890883705483	0.46185160417772625	1.0745410059541851	0.10390350782258458	TRUE	0.46929697352546335	0.46545841130160576	Protective
MESO	PFI	MDR_axis	78	55	0.8895199970162401	-0.16890105626184077	0.5733696284341778	1.3799925664925692	0.601317767947063	TRUE	0.7826322833582241	0.7779424588622069	Protective
OV	OS	MDR_injury	288	175	0.9095749096532031	-0.1367356364115386	0.5640700835680559	1.4667087306551234	0.6974347574122637	TRUE	0.8421219479566293	0.8416648272902211	Protective
OV	OS	MDR_resolution	288	175	4.069493613601228	2.0248492842708856	1.7989822374914706	9.205637457673731	7.519381594056685e-4	TRUE	0.01503876318811337	0.029475975848702207	Adverse
OV	OS	MDR_apc_ifn	288	175	0.903599308222552	-0.14624492865423547	0.6933992929997104	1.177520251409624	0.4530384293625084	TRUE	0.697730855147902	0.7212202316861062	Protective
OV	OS	MDR_axis	288	175	0.7313552161801974	-0.45135580752015036	0.5698112099463376	0.9386976649412635	0.014020645966052245	TRUE	0.14020645966052245	0.17729332963524128	Protective
OV	DSS	MDR_injury	266	149	0.8126584419566937	-0.2992789758397363	0.47133377362474094	1.4011593911563793	0.45544102532001873	TRUE	0.6638399868501101	0.7212202316861062	Protective
OV	DSS	MDR_resolution	266	149	4.4509941167148535	2.1541275938497386	1.7935380597247563	11.045959420604971	0.0012833916043861876	TRUE	0.03935734253450975	0.045735409901762315	Adverse
OV	DSS	MDR_apc_ifn	266	149	0.9075501486555069	-0.1399507303270031	0.6778860978548893	1.2150231062873122	0.5146324465251564	TRUE	0.6863858004510354	0.7467867295317526	Protective
OV	DSS	MDR_axis	266	149	0.6670617275147591	-0.5841078254431192	0.49782355365425723	0.8938334577556192	0.006694434717829887	TRUE	0.07154845319640103	0.09372208604961842	Protective
OV	PFI	MDR_injury	288	200	1.163236700711217	0.2181446928526019	0.7457799192104844	1.814368538259906	0.5049779182003797	TRUE	0.7476734140716017	0.741390801252992	Adverse
OV	PFI	MDR_resolution	288	200	2.4106632622283573	1.269430139599809	1.1406870618391658	5.094558848145194	0.02118071875707767	TRUE	0.25416862508493204	0.23063449313262352	Adverse
OV	PFI	MDR_apc_ifn	288	200	0.9791442103413383	-0.03040673636338175	0.7617205901683363	1.2586286848739245	0.8693279289001942	TRUE	0.915082030421257	0.9193233863040698	Protective
OV	PFI	MDR_axis	288	200	0.8844296538873303	-0.17718069705233308	0.6974616837217404	1.1215179714264218	0.3108091377220116	TRUE	0.6680263553244697	0.6424828268138351	Protective
OV	DFI	MDR_injury	139	92	0.9066125565681196	-0.14144195222390113	0.5014882825806772	1.6390140234129014	0.7455502462586039	TRUE	0.8543679441104276	0.8670065231653156	Protective
OV	DFI	MDR_resolution	139	92	1.4373952909177266	0.5234568647347125	0.6820029870133012	3.0294665297589964	0.3401647724971461	TRUE	0.6485339263480417	0.65530635347549	Adverse
OV	DFI	MDR_apc_ifn	139	92	0.8439432985998253	-0.24478202199375892	0.6264817418947539	1.1368891439636035	0.26439724143858356	TRUE	0.636298653193997	0.5990966395602587	Protective
OV	DFI	MDR_axis	139	92	0.8312922958733777	-0.26657225367861664	0.5885543292675494	1.1741428901532898	0.29428812710222363	TRUE	0.636298653193997	0.6303876820987523	Protective
PAAD	OS	MDR_injury	154	86	1.1728253595225027	0.22998820372574072	0.5228168175957424	2.6309775769353316	0.69896121680400225	TRUE	0.8421219479566293	0.8416648272902211	Adverse
PAAD	OS	MDR_resolution	154	86	0.5656083341973535	-0.8221247165777327	0.2860460083533341	1.1183962662339884	0.10136447657247438	TRUE	0.3647021192686463	0.46545841130160576	Protective
PAAD	OS	MDR_apc_ifn	154	86	1.9906512606585076	0.9932404995180879	1.212874760397999	3.267190126259176	0.006461314591811342	TRUE	0.07179238435345936	0.09372208604961842	Adverse
PAAD	OS	MDR_axis	154	86	1.3223789894536788	0.40313570774363083	0.927127680616942	1.8861330842639692	0.12299231434620253	TRUE	0.39217041528690455	0.4822909491062367	Adverse
PAAD	DSS	MDR_injury	148	67	0.9115147438488542	-0.13366210268702813	0.3625826161955657	2.2915029324122456	0.8438442901743096	TRUE	0.9027171476283311	0.9160233641992084	Protective
PAAD	DSS	MDR_resolution	148	67	0.6114079227489998	-0.7097928478037371	0.2742589245517298	1.3630172604638007	0.22904906232919736	TRUE	0.5736190987580225	0.5813802854224407	Protective
PAAD	DSS	MDR_apc_ifn	148	67	1.52452948055005	0.6083640486960586	0.8575689779964464	2.7102078045036704	0.15085326834849805	TRUE	0.4823012943613634	0.4966305357155778	Adverse
PAAD	DSS	MDR_axis	148	67	1.1938833511360532	0.25566188437605647	0.7909876928604485	1.8019970082787673	0.3988508521933073	TRUE	0.6437592702067415	0.6797805828685932	Adverse
PAAD	PFI	MDR_injury	154	91	0.9488589385818076	-0.07573446890016249	0.43696505387528223	2.060424002656208	0.8944387284809265	TRUE	0.9252814432561309	0.9349866175053951	Protective
PAAD	PFI	MDR_resolution	154	91	0.7903397939292105	-0.339455044609539	0.41446001202300314	1.5071103888145394	0.47495218524346666	TRUE	0.7476734140716017	0.7318040692245389	Protective
PAAD	PFI	MDR_apc_ifn	154	91	1.4241179110191957	0.5100686003775419	0.8720183693815394	2.3257673183238943	0.15772913506877267	TRUE	0.5243785573770534	0.5101103841428369	Adverse
PAAD	PFI	MDR_axis	154	91	1.0967544757898018	0.13324059392183504	0.7717351988121345	1.5586568838850914	0.6065400196026237	TRUE	0.7826322833582241	0.7821173936981201	Adverse
PAAD	DFI	MDR_injury	58	20	0.2534656255500842	-1.9801379895169062	0.020793824932679453	3.089610667757844	0.28201884192099036	TRUE	0.636298653193997	0.6210752024327428	Protective
PAAD	DFI	MDR_resolution	58	20	1.2291557050499748	0.29766768273650307	0.21419131315842924	7.053618211581724	0.8169643335441253	TRUE	0.8953033792264387	0.9046610699132688	Adverse
PAAD	DFI	MDR_apc_ifn	58	20	2.047665511288818	1.0339800685525011	0.659174271809742	6.360888501625115	0.21523429099528868	TRUE	0.6149551171293962	0.5587539209943918	Adverse
PAAD	DFI	MDR_axis	58	20	0.670859509756707	-0.5759174235419903	0.23841681694352768	1.8876708765791907	0.44947697882905835	TRUE	0.7491282980484306	0.7212202316861062	Protective
PCPG	PFI	MDR_injury	160	19	0.4756198785799728	-1.0721190809614405	0.12733543778826237	1.7765224891799938	0.2690419165505406	FALSE	0.6330398036483309	0.602653893073211	Protective
PCPG	PFI	MDR_resolution	160	19	1.7495095882851996	0.8069505713703328	0.4011942182239871	7.62918222762874	0.45661792168393345	FALSE	0.7476734140716017	0.7212202316861062	Adverse
PCPG	PFI	MDR_apc_ifn	160	19	1.5497922214845696	0.6320748083206793	0.5788352865280667	4.149463561872219	0.38326112184783967	FALSE	0.705212951951213	0.6695621270062639	Adverse
PCPG	PFI	MDR_axis	160	19	0.6516698220420247	-0.6177869076641906	0.3454554776678781	1.2293148738795412	0.186036478153562	FALSE	0.5444970092299376	0.5406500700090515	Protective
PRAD	PFI	MDR_injury	470	87	0.8212587924479862	-0.2840911837863928	0.46787274470728557	1.4415586541487675	0.49273791157349617	FALSE	0.7476734140716017	0.7395366572812139	Protective
PRAD	PFI	MDR_resolution	470	87	2.164579117065731	1.1140865331501142	1.3064962381125782	3.586235166513606	0.0027191005422554054	FALSE	0.07388081675531855	0.07105916083760792	Adverse
PRAD	PFI	MDR_apc_ifn	470	87	1.1268201869154835	0.17225731485138107	0.7448578034182235	1.7046525226873661	0.5718589617857865	FALSE	0.7760531559812993	0.7622943090407613	Adverse
PRAD	PFI	MDR_axis	470	87	0.721430220409464	-0.4710682366056743	0.5805187470098261	0.8965456595516945	0.003230591457523236	FALSE	0.07388081675531855	0.07345107670078017	Protective
PRAD	DFI	MDR_injury	317	28	0.4107640677316853	-1.2836181098539516	0.16316643124574493	1.0340798536272493	0.058915771029479654	FALSE	0.42847833475985203	0.3849163707259337	Protective
PRAD	DFI	MDR_resolution	317	28	1.4815669736228687	0.5671238442064919	0.652006174100531	3.3665949564943527	0.3478998033533217	FALSE	0.6485339263480417	0.6567778687368389	Adverse
PRAD	DFI	MDR_apc_ifn	317	28	1.78346502602126	0.8346829246466553	0.8659162846669457	3.6732736817213376	0.11654764671560733	FALSE	0.556502166793682	0.4822909491062367	Adverse
PRAD	DFI	MDR_axis	317	28	0.7043040630332214	-0.5057296894269412	0.49959724569987574	0.9928882063995479	0.04542485786836625	FALSE	0.40377651438547785	0.3372564395079587	Protective
READ	OS	MDR_injury	81	13	0.5371759718464909	-0.8965333211592295	0.13303036623361914	2.1691139617136397	0.3828617860676543	TRUE	0.6418398445355763	0.6695621270062639	Protective
READ	OS	MDR_resolution	81	13	0.24111791667439766	-2.0521892380699915	0.020310176649845534	2.8624984776705005	0.25980989845268193	TRUE	0.5318921277228471	0.5990966395602587	Protective
READ	OS	MDR_apc_ifn	81	13	0.599400619012922	-0.7384075211352883	0.07059958671873162	5.088997241647434	0.6390656659918543	TRUE	0.8221775108837778	0.8081084968131647	Protective
READ	OS	MDR_axis	81	13	0.9892087816336423	-0.01565304767561399	0.5290611723326486	1.8495668645399277	0.9728923136730516	TRUE	0.9728923136730516	0.9803953392283707	Protective
READ	PFI	MDR_injury	80	18	0.3965847065582178	-1.3342990506994037	0.11197911466231909	1.4045425341158928	0.15173040310160768	TRUE	0.5243785573770534	0.4966305357155778	Protective
READ	PFI	MDR_resolution	80	18	0.035889963038405706	-4.800275752392154	0.003654299346595728	0.3524860239208609	0.004309714310726916	TRUE	0.07388081675531855	0.08044800046690243	Protective
READ	PFI	MDR_apc_ifn	80	18	0.1719479075879913	-2.5399565348865463	0.032788545871792946	0.9017198578886432	0.03731306687452396	TRUE	0.33326001304957187	0.2985045349961917	Protective
READ	PFI	MDR_axis	80	18	1.3406802573556713	0.4229652058253271	0.66796668698683	2.690888015046637	0.40949873491616173	TRUE	0.7196814551626463	0.6902817021006828	Adverse
SARC	OS	MDR_injury	241	91	1.0415861252052225	0.058782135844545925	0.6595918520008747	1.6448075471656842	0.8612442009420227	FALSE	0.916217235044705	0.9193233863040698	Adverse
SARC	OS	MDR_resolution	241	91	1.8616500108037277	0.8965818725004027	0.9187683488310943	3.7721595080357506	0.08455878958782731	FALSE	0.3647021192686463	0.4419606069123774	Adverse
SARC	OS	MDR_apc_ifn	241	91	0.7870379385506776	-0.34549491348789063	0.5227818128915559	1.184870440101925	0.25126232382135516	FALSE	0.5318921277228471	0.595794801498709	Protective
SARC	OS	MDR_axis	241	91	0.8340508099698234	-0.26179282025981415	0.5912028338557817	1.1766532800162683	0.3013791472608916	FALSE	0.5909395044331207	0.6385979768987541	Protective
SARC	DSS	MDR_injury	236	76	0.7472067431321274	-0.42042062024746424	0.45444052580455724	1.228583027435011	0.2507294208445873	FALSE	0.5736190987580225	0.595794801498709	Protective
SARC	DSS	MDR_resolution	236	76	1.8993290979748625	0.9254899038447102	0.8676069254182747	4.157932488465151	0.10855753911209416	FALSE	0.4233059276250573	0.46545841130160576	Adverse
SARC	DSS	MDR_apc_ifn	236	76	0.7704039583225663	-0.37631297914411843	0.4927633571244141	1.204477261585878	0.2526236055976878	FALSE	0.5736190987580225	0.595794801498709	Protective
SARC	DSS	MDR_axis	236	76	0.691267851898661	-0.5326832616548702	0.4737212563170932	1.0087181790903876	0.05549959043627027	FALSE	0.3529742104677176	0.36874304154267706	Protective
SARC	PFI	MDR_injury	241	131	0.8232556516466665	-0.2805875839372147	0.5508766020297474	1.23031158969351	0.34271678204794587	FALSE	0.6854335640958917	0.6553413588429013	Protective
SARC	PFI	MDR_resolution	241	131	1.1392678910461915	0.18810702680073604	0.635585145762159	2.042104564939806	0.6614646149881587	FALSE	0.8355342505113583	0.8231559653185975	Adverse
SARC	PFI	MDR_apc_ifn	241	131	0.9296150208460793	-0.10529471469368329	0.6622143650343267	1.304991453844195	0.6732123063675457	FALSE	0.8399455532911809	0.8351241268863224	Protective
SARC	PFI	MDR_axis	241	131	0.8595867011512786	-0.2182849321909027	0.6359565397008854	1.1618550178659461	0.325035147228553	FALSE	0.6680263553244697	0.650070294457106	Protective
SARC	DFI	MDR_injury	142	63	0.88772786990366	-0.17181060402094456	0.46904631716932554	1.6801342258896792	0.7144616223537563	FALSE	0.8543679441104276	0.8476929849350152	Protective
SARC	DFI	MDR_resolution	142	63	0.8324409727758022	-0.26458011856266206	0.32975913514965466	2.1014064488052426	0.6978916291306514	FALSE	0.8543679441104276	0.8416648272902211	Protective
SARC	DFI	MDR_apc_ifn	142	63	1.3513473025080434	0.4343985016171397	0.7714717113279134	2.3670855394716686	0.29243719201948465	FALSE	0.636298653193997	0.6298647212727362	Adverse
SARC	DFI	MDR_axis	142	63	0.9981404076928265	-0.002685322176424616	0.6444795054087422	1.5458742521801958	0.9933461097845675	FALSE	0.9933461097845675	0.9933461097845675	Protective
SKCM	OS	MDR_injury	97	26	2.265926147388758	1.1801008406234332	0.6970389830755047	7.366046132406754	0.17385201019889585	TRUE	0.4575052899970944	0.5324217812341185	Adverse
SKCM	OS	MDR_resolution	97	26	1.2119749248952172	0.2773598505406118	0.35540407116439077	4.132994914105362	0.7587237275428749	TRUE	0.8728101626248448	0.8678226759812743	Adverse
SKCM	OS	MDR_apc_ifn	97	26	0.46001958319347536	-1.1202328163813158	0.18360954244626304	1.1525436755741219	0.09751930717581134	TRUE	0.3647021192686463	0.46057311340865115	Protective
SKCM	OS	MDR_axis	97	26	1.293646896434179	0.37144388450142124	0.6355594155553225	2.633148454250398	0.4776910108824312	TRUE	0.7129716580334795	0.7318040692245389	Adverse
SKCM	DSS	MDR_injury	97	18	3.730121947284046	1.8992227966644446	0.893053389482067	15.580042476160962	0.07109226990317982	TRUE	0.3529742104677176	0.42365551287001013	Adverse
SKCM	DSS	MDR_resolution	97	18	1.7993721663691953	0.847493611850771	0.37638076280270544	8.602299886408804	0.4618017299826853	TRUE	0.6638399868501101	0.7212202316861062	Adverse
SKCM	DSS	MDR_apc_ifn	97	18	0.4788282596654161	-1.062419794577465	0.1579826155136488	1.4512767845295163	0.19303611810783916	TRUE	0.5223330254682707	0.5406500700090515	Protective
SKCM	DSS	MDR_axis	97	18	1.4578794850270416	0.5438714648363623	0.5845303920009505	3.6361027962755714	0.41882731916439364	TRUE	0.6461429992058655	0.6956792759001793	Adverse
SKCM	PFI	MDR_injury	97	32	2.7421004545678733	1.4552814240173082	0.9916878668213238	7.582138649172447	0.05191004360449387	TRUE	0.3503083383444144	0.3566457323171018	Adverse
SKCM	PFI	MDR_resolution	97	32	1.5857230923744823	0.6651408617500025	0.5458914818128757	4.606259319781131	0.3967846779789077	TRUE	0.7106591247383421	0.6792121998590909	Adverse
SKCM	PFI	MDR_apc_ifn	97	32	0.79507323423688	-0.33084034165478177	0.3972491296239812	1.5912972506654712	0.5171407780661912	TRUE	0.7476734140716017	0.7467867295317526	Protective
SKCM	PFI	MDR_axis	97	32	1.267823637953493	0.3423540717029309	0.6897670724101688	2.330318220812092	0.44481461918556764	TRUE	0.7413576986426128	0.7212202316861062	Adverse
STAD	OS	MDR_injury	358	141	0.8190033903135431	-0.2880586708862653	0.5856052335634129	1.1454244513209995	0.24335601713201965	TRUE	0.5290348198522166	0.5925189982344826	Protective
STAD	OS	MDR_resolution	358	141	1.4447204782521834	0.5307903898551483	0.8103264795180938	2.5757732383649845	0.2123695031924452	TRUE	0.4819194779540446	0.5549923016762568	Adverse
STAD	OS	MDR_apc_ifn	358	141	0.752229726318622	-0.41075477552712714	0.575639368045328	0.9829931595519918	0.03701342437138041	TRUE	0.23133390232112755	0.2985045349961917	Protective
STAD	OS	MDR_axis	358	141	0.7884891341005349	-0.3428372210222257	0.5930000172393887	1.0484234342671706	0.10211659339522096	TRUE	0.3647021192686463	0.46545841130160576	Protective
STAD	DSS	MDR_injury	340	86	0.6498066139189891	-0.6219176669793285	0.42582638892633123	0.9915980936679617	0.04559844717837196	TRUE	0.3226967031084785	0.3372564395079587	Protective
STAD	DSS	MDR_resolution	340	86	0.8407838330849497	-0.2501931660159208	0.4036717567471834	1.751218513956521	0.6431883954227229	TRUE	0.7586324663960321	0.8081084968131647	Protective
STAD	DSS	MDR_apc_ifn	340	86	0.8224283063102135	-0.2820381748709007	0.5795654567107921	1.1670611338001287	0.27360418046820684	TRUE	0.5993234429303579	0.6093911292246424	Protective
STAD	DSS	MDR_axis	340	86	0.7982002487846176	-0.3251773663760905	0.555543697263011	1.1468470262532597	0.22285771769620352	TRUE	0.5736190987580225	0.5709818649471358	Protective
STAD	PFI	MDR_injury	360	123	0.6873628913794744	-0.5408561277682409	0.4816010559263523	0.9810355243859809	0.038880334855783384	TRUE	0.33326001304957187	0.3048218252693417	Protective
STAD	PFI	MDR_resolution	360	123	0.6697660840517465	-0.5782707729024704	0.3609078147534782	1.2429395790512956	0.20387878445262708	TRUE	0.5550624098162885	0.5457862167820298	Protective
STAD	PFI	MDR_apc_ifn	360	123	0.9727183631704979	-0.03990594134357465	0.7291008959856989	1.2977367319922366	0.8508308196274785	TRUE	0.903537153586703	0.9160233641992084	Protective
STAD	PFI	MDR_axis	360	123	0.8826351945990092	-0.18011081974530885	0.6542485695509259	1.190747558347074	0.4138168367185216	TRUE	0.7196814551626463	0.6902817021006828	Protective
STAD	DFI	MDR_injury	224	41	0.4201984781320028	-1.2508571579963188	0.22806554978319002	0.774193038765846	0.005422145454458336	TRUE	0.11804261623806159	0.09241221818033339	Protective
STAD	DFI	MDR_resolution	224	41	1.065647319152613	0.09173005057654281	0.3551704240716205	3.1973501503834534	0.9096974556746202	TRUE	0.9575762691311791	0.9433899540329395	Adverse
STAD	DFI	MDR_apc_ifn	224	41	1.2939732128697474	0.3718077517508355	0.8054205105835649	2.0788726554918497	0.28669298327327697	TRUE	0.636298653193997	0.627841617000696	Adverse
STAD	DFI	MDR_axis	224	41	0.5464279077924432	-0.871896926402884	0.3229179265901969	0.9246419409639898	0.024328462675449386	TRUE	0.2780395734337073	0.2577501991561124	Protective
TGCT	PFI	MDR_injury	130	32	0.6974909925652425	-0.5197535088636223	0.1864708828781173	2.608952546374939	0.5924779409361927	TRUE	0.781289592443331	0.7690442147251242	Protective
TGCT	PFI	MDR_resolution	130	32	1.732635327989861	0.79296803888205325	0.5420259661720251	5.5385265045508305	0.35391364385109403	TRUE	0.6907193188328506	0.6567778687368389	Adverse
TGCT	PFI	MDR_apc_ifn	130	32	0.5381841070032072	-0.8938283071907236	0.20666667081148857	1.4014941639769152	0.20453312496133966	TRUE	0.5550624098162885	0.5457862167820298	Protective
TGCT	PFI	MDR_axis	130	32	0.6935268396340689	-0.5279763786575937	0.38087970604801885	1.2628120365966171	0.23136562379056314	TRUE	0.5907207415929272	0.5813802854224407	Protective
TGCT	DFI	MDR_injury	101	24	0.6862795716089324	-0.5431316840746192	0.14821990393184986	3.177573577596514	0.6301950870592145	TRUE	0.8227575221751691	0.8070978842051038	Protective
TGCT	DFI	MDR_resolution	101	24	1.191102969414119	0.25229813783829397	0.34229624787852897	4.144732209424033	0.7834120916332329	TRUE	0.870457879592481	0.8799889693805515	Adverse
TGCT	DFI	MDR_apc_ifn	101	24	0.43341160590312444	-1.2061903084269385	0.14595692703427285	1.286993525750349	0.13216926461349948	TRUE	0.556502166793682	0.4822909491062367	Protective
TGCT	DFI	MDR_axis	101	24	0.8052363520415328	-0.3125157913238046	0.3925602012878861	1.6517354039505492	0.5545532935782983	TRUE	0.7804881199448819	0.7608681272506117	Protective
THCA	OS	MDR_injury	458	13	6.394264316201101	2.676778381245596	1.0634573851998974	38.44687781048913	0.04264343000116498	TRUE	0.2508437058892058	0.3277691090285622	Adverse
THCA	OS	MDR_resolution	458	13	0.9013558801423074	-0.14983126060698765	0.20933814220630856	3.881005220092328	0.8891149385775476	TRUE	0.9359104616605765	0.9319065666374295	Protective
THCA	OS	MDR_apc_ifn	458	13	0.6307628837539196	-0.6648303253733692	0.2092453394150331	1.9014130333025554	0.4130461144080548	TRUE	0.6662034103355722	0.6902817021006828	Protective
THCA	OS	MDR_axis	458	13	2.1325278351383217	1.0925645726591278	0.8869698681722885	5.1272034494371095	0.09064910727877727	TRUE	0.3647021192686463	0.45339323608718346	Adverse
THCA	PFI	MDR_injury	458	47	2.3402141977325135	1.2266405844513208	0.9226073759753923	5.936005535918134	0.07339807540045525	TRUE	0.43597174245779075	0.42365551287001013	Adverse
THCA	PFI	MDR_resolution	458	47	0.6169757663983513	-0.6967142706399398	0.2698910707464982	1.4104175261151055	0.25230050348159855	TRUE	0.6307512587039964	0.595794801498709	Protective
THCA	PFI	MDR_apc_ifn	458	47	1.5519704102955039	0.6341010515154488	0.9288943708703676	2.59298821261662	0.09328602476466871	TRUE	0.4664301238233436	0.45339323608718346	Adverse
THCA	PFI	MDR_axis	458	47	1.5561393748432448	0.6379712803692827	1.030659500140366	2.349534209511221	0.0354113646946499	TRUE	0.33326001304957187	0.29534585021920773	Adverse
THCA	DFI	MDR_injury	322	22	6.630690390596001	2.7291590922434636	1.7087982837065643	25.729224727786544	0.006248600477803392	TRUE	0.11804261623806159	0.09372208604961842	Adverse
THCA	DFI	MDR_resolution	322	22	0.7917461862610542	-0.3368900818925213	0.22525478946881247	2.7829020858431766	0.7157815765650256	TRUE	0.8543679441104276	0.8476929849350152	Protective
THCA	DFI	MDR_apc_ifn	322	22	1.6244573957660815	0.699957906965026	0.7751342357247936	3.4043933412277125	0.1987163090673634	TRUE	0.6064291297578109	0.5457862167820298	Adverse
THCA	DFI	MDR_axis	322	22	2.113527863061078	1.0796531318317157	1.136756716496436	3.929600734362173	0.018027582184384248	TRUE	0.24036776245845665	0.21414582473571592	Adverse
THYM	PFI	MDR_injury	100	19	0.43809911022054654	-1.1906708103376802	0.12609977406755027	1.5220553073570087	0.19398795538048205	TRUE	0.5542513010870916	0.5406500700090515	Protective
THYM	PFI	MDR_resolution	100	19	0.41212894768945335	-1.2788322936778505	0.12803121882773155	1.3266316690474762	0.13725130293546586	TRUE	0.5146923860079969	0.4847073040603839	Protective
THYM	PFI	MDR_apc_ifn	100	19	2.4504876982696335	1.2930689042706478	1.146584729741613	5.237196871376466	0.02072492749215066	TRUE	0.25416862508493204	0.23063449313262352	Adverse
THYM	PFI	MDR_axis	100	19	1.0837551930327536	0.11603890642948733	0.5349572806785854	2.195549739851363	0.8233086320899717	TRUE	0.903537153586703	0.9066534539952281	Adverse
UCEC	OS	MDR_injury	170	32	0.9655815226679095	-0.05053002588890733	0.44305135147390073	2.1043783611448963	0.9297835385895624	TRUE	0.9654950522060124	0.9591451240187066	Protective
UCEC	OS	MDR_resolution	170	32	1.8584171837449417	0.8940743991156846	0.7107777616593114	4.859063711807445	0.20631125898518576	TRUE	0.47979362554694366	0.5464460373121136	Adverse
UCEC	OS	MDR_apc_ifn	170	32	0.6502492520921501	-0.6209352600863647	0.37493955349736097	1.1277126830241897	0.12549453289180945	TRUE	0.39217041528690455	0.4822909491062367	Protective
UCEC	OS	MDR_axis	170	32	0.7762675165254542	-0.3653741766823807	0.4405544743032471	1.3678019231687892	0.38088125591322985	TRUE	0.6418398445355763	0.6695621270062639	Protective
UCEC	DSS	MDR_injury	168	22	0.6691906438010089	-0.5795108202167853	0.24112581846210218	1.8571885856395431	0.4405372052946527	TRUE	0.6638399868501101	0.7195441019812661	Protective
UCEC	DSS	MDR_resolution	168	22	1.3957851923850955	0.4810769317151291	0.41538810702859363	4.690110935572332	0.5897181100032189	TRUE	0.7138692910565282	0.7690442147251242	Adverse
UCEC	DSS	MDR_apc_ifn	168	22	0.8204736693348047	-0.28547105941727857	0.4281006386433109	1.572473809441342	0.5510593527113788	TRUE	0.6863858004510354	0.7608681272506117	Protective
UCEC	DSS	MDR_axis	168	22	0.7061023084388517	-0.5020508615554258	0.33487674005727786	1.4888477172149883	0.3605646390496061	TRUE	0.6291902138516594	0.6604735444273159	Protective
UCEC	PFI	MDR_injury	170	43	1.0466009989871004	0.06571154112722614	0.5572050238099536	1.9658359208448133	0.8873813989938193	TRUE	0.9252814432561309	0.9319065666374295	Adverse
UCEC	PFI	MDR_resolution	170	43	1.4329926837289042	0.5190312438115221	0.7002996412836975	2.932270574716302	0.32472376803808717	TRUE	0.6680263553244697	0.650070294457106	Adverse
UCEC	PFI	MDR_apc_ifn	170	43	1.1538795855750077	0.20649267774603425	0.7156210866546983	1.8605350273156462	0.5570641645941978	TRUE	0.7760531559812993	0.7608681272506117	Adverse
UCEC	PFI	MDR_axis	170	43	0.8827166506134884	-0.17997768346594134	0.5718408589257998	1.3625970811774402	0.5733020234537548	TRUE	0.7760531559812993	0.7622943090407613	Protective
UCEC	DFI	MDR_injury	110	16	0.6509092664630372	-0.6194716420446218	0.21590192275201975	1.962385826707444	0.4456938818442625	TRUE	0.7491282980484306	0.7212202316861062	Protective
UCEC	DFI	MDR_resolution	110	16	2.1614894419380786	1.1120257892290621	0.8016205413308735	5.828239630502902	0.12774732525720642	TRUE	0.556502166793682	0.4822909491062367	Adverse
UCEC	DFI	MDR_apc_ifn	110	16	1.377114626624786	0.4616486498000039	0.6584651185191207	2.880098947578275	0.3953170121879399	TRUE	0.6875078472833738	0.6792121998590909	Adverse
UCEC	DFI	MDR_axis	110	16	0.5893808775405881	-0.762727841898986	0.29758123267180925	1.1673109076526154	0.1294502810528494	TRUE	0.556502166793682	0.4822909491062367	Protective
UCS	OS	MDR_injury	55	34	0.8636422613063014	-0.2114942532346252	0.33954282718496326	2.19671244920144	0.7582550430012223	TRUE	0.8728101626248448	0.8678226759812743	Protective
UCS	OS	MDR_resolution	55	34	1.5071732067177313	0.5918452232486838	0.6511908784344947	3.488333682604421	0.3379996233753109	TRUE	0.6194944189967501	0.65530635347549	Adverse
UCS	OS	MDR_apc_ifn	55	34	0.31336476342238123	-1.6740851310749876	0.11292777245459966	0.8695600100873616	0.02585587094468816	TRUE	0.22838735940620872	0.2598846515466092	Protective
UCS	OS	MDR_axis	55	34	0.7302795462462848	-0.4534792709179107	0.37783512944355996	1.4114839359989786	0.34983923745715895	TRUE	0.624712924030641	0.6567778687368389	Protective
UCS	DSS	MDR_injury	54	31	0.8557635973445915	-0.22471578429173103	0.3274074093332139	2.236758587814478	0.7506781285659545	TRUE	0.8320769617839496	0.8678226759812743	Protective
UCS	DSS	MDR_resolution	54	31	1.8190606028141174	0.8631936078178585	0.7426263759030723	4.455782320802391	0.19054343819387556	TRUE	0.5223330254682707	0.5406500700090515	Adverse
UCS	DSS	MDR_apc_ifn	54	31	0.21686321939071454	-2.205142706248759	0.07459673969844381	0.6304518952788265	0.004997091660658423	TRUE	0.07154845319640103	0.0890390877717319	Protective
UCS	DSS	MDR_axis	54	31	0.66680253637853	-0.5846685028399257	0.3381582365625148	1.3148448697881812	0.24206558770662404	TRUE	0.5736190987580225	0.5925189982344826	Protective
UCS	PFI	MDR_injury	55	37	1.2835160050092531	0.3601012859433382	0.5394746039440356	3.053736585690721	0.5724722337540726	TRUE	0.7760531559812993	0.7622943090407613	Adverse
UCS	PFI	MDR_resolution	55	37	1.0110441673942816	0.015846022650299645	0.45031085920525044	2.270010344023428	0.978765547998592	TRUE	0.978765547998592	0.9812687846942405	Adverse
UCS	PFI	MDR_apc_ifn	55	37	0.19855171756446705	-2.3324132539896176	0.07293494526767522	0.540519834533585	0.0015561855161346301	TRUE	0.0622474206453852	0.05083539352706458	Protective
UCS	PFI	MDR_axis	55	37	1.098278741707075	0.13524425492868258	0.6054055668248235	1.992410147154625	0.7577116860766404	TRUE	0.8788329375107392	0.8678226759812743	Adverse
UVM	OS	MDR_injury	79	22	3.5229976714515736	1.8168035212744384	0.866727187948228	14.319976072787725	0.07839783124380985	TRUE	0.3647021192686463	0.4268326367718536	Adverse
UVM	OS	MDR_resolution	79	22	0.48951424083140954	-1.0305772639082345	0.07394560045906885	3.2405469762787384	0.45884361408804264	TRUE	0.697730855147902	0.7212202316861062	Protective
UVM	OS	MDR_apc_ifn	79	22	2.16464721980698	1.1141319230093794	0.37891165142155653	12.366200850881295	0.38510390672134576	TRUE	0.6418398445355763	0.6695621270062639	Adverse
UVM	OS	MDR_axis	79	22	2.0069155727667343	1.0049799264600114	0.9302248549087366	4.329824230087664	0.07579876334553569	TRUE	0.3647021192686463	0.42365551287001013	Adverse
UVM	DSS	MDR_injury	79	20	2.831781835968211	1.5017101226629324	0.6575707078875418	12.194868582696817	0.16233818421375035	TRUE	0.4978370982555011	0.513198130740243	Adverse
UVM	DSS	MDR_resolution	79	20	0.4396642681546998	-1.1855258064821732	0.06283784941826207	3.076245773551715	0.4077425143788995	TRUE	0.6461429992058655	0.6902817021006828	Protective
UVM	DSS	MDR_apc_ifn	79	20	1.9934823878530354	0.9952908593762132	0.32605139370933556	12.18817679467707	0.455183522424819	TRUE	0.6638399868501101	0.7212202316861062	Adverse
UVM	DSS	MDR_axis	79	20	1.8920682592049367	0.9199641370071596	0.849117863857846	4.216048737010352	0.11879058668523342	TRUE	0.43714935900165897	0.4822909491062367	Adverse
UVM	PFI	MDR_injury	78	28	2.8971013004616943	1.5346101309730458	0.8936558876661683	9.391977450130314	0.07629505493011338	TRUE	0.43597174245779075	0.42365551287001013	Adverse
UVM	PFI	MDR_resolution	78	28	0.7757449403588711	-0.3663457127923691	0.17498942953113394	3.4389517932871496	0.7382083916245626	TRUE	0.8770792771776982	0.8664002680144567	Protective
UVM	PFI	MDR_apc_ifn	78	28	5.7168556750253785	2.5152218691498525	1.3092109229051327	24.963463287143764	0.020437544997757157	TRUE	0.25416862508493204	0.23063449313262352	Adverse
UVM	PFI	MDR_axis	78	28	1.7555610393195897	0.8119321583335922	0.8817753148037079	3.4952152901478777	0.10918850610680689	TRUE	0.46929697352546335	0.46545841130160576	Adverse
